PRAGMA foreign_keys=OFF;
BEGIN TRANSACTION;
CREATE TABLE IF NOT EXISTS "django_migrations" ("id" SERIAL NOT NULL PRIMARY KEY, "app" varchar(255) NOT NULL, "name" varchar(255) NOT NULL, "applied" datetime NOT NULL);
INSERT INTO django_migrations VALUES(1,'contenttypes','0001_initial','2018-03-08 18:37:26.825261');
INSERT INTO django_migrations VALUES(2,'auth','0001_initial','2018-03-08 18:37:26.877483');
INSERT INTO django_migrations VALUES(3,'admin','0001_initial','2018-03-08 18:37:26.927042');
INSERT INTO django_migrations VALUES(4,'admin','0002_logentry_remove_auto_add','2018-03-08 18:37:26.979134');
INSERT INTO django_migrations VALUES(5,'armory','0001_initial','2018-03-08 18:37:27.016837');
INSERT INTO django_migrations VALUES(6,'contenttypes','0002_remove_content_type_name','2018-03-08 18:37:27.100113');
INSERT INTO django_migrations VALUES(7,'auth','0002_alter_permission_name_max_length','2018-03-08 18:37:27.137293');
INSERT INTO django_migrations VALUES(8,'auth','0003_alter_user_email_max_length','2018-03-08 18:37:27.182475');
INSERT INTO django_migrations VALUES(9,'auth','0004_alter_user_username_opts','2018-03-08 18:37:27.218345');
INSERT INTO django_migrations VALUES(10,'auth','0005_alter_user_last_login_null','2018-03-08 18:37:27.252596');
INSERT INTO django_migrations VALUES(11,'auth','0006_require_contenttypes_0002','2018-03-08 18:37:27.268798');
INSERT INTO django_migrations VALUES(12,'auth','0007_alter_validators_add_error_messages','2018-03-08 18:37:27.310658');
INSERT INTO django_migrations VALUES(13,'auth','0008_alter_user_username_max_length','2018-03-08 18:37:27.351736');
INSERT INTO django_migrations VALUES(14,'auth','0009_alter_user_last_name_max_length','2018-03-08 18:37:27.387834');
INSERT INTO django_migrations VALUES(15,'charactercreator','0001_initial','2018-03-08 18:37:27.446623');
INSERT INTO django_migrations VALUES(16,'sessions','0001_initial','2018-03-08 18:37:27.464752');
INSERT INTO django_migrations VALUES(17,'charactercreator','0002_auto_20180308_2015','2018-03-08 20:15:55.854748');
CREATE TABLE IF NOT EXISTS "auth_group" ("id" SERIAL NOT NULL PRIMARY KEY, "name" varchar(80) NOT NULL UNIQUE);
CREATE TABLE IF NOT EXISTS "auth_group_permissions" ("id" SERIAL NOT NULL PRIMARY KEY, "group_id" integer NOT NULL REFERENCES "auth_group" ("id") DEFERRABLE INITIALLY DEFERRED, "permission_id" integer NOT NULL REFERENCES "auth_permission" ("id") DEFERRABLE INITIALLY DEFERRED);
CREATE TABLE IF NOT EXISTS "auth_user_groups" ("id" SERIAL NOT NULL PRIMARY KEY, "user_id" integer NOT NULL REFERENCES "auth_user" ("id") DEFERRABLE INITIALLY DEFERRED, "group_id" integer NOT NULL REFERENCES "auth_group" ("id") DEFERRABLE INITIALLY DEFERRED);
CREATE TABLE IF NOT EXISTS "auth_user_user_permissions" ("id" SERIAL NOT NULL PRIMARY KEY, "user_id" integer NOT NULL REFERENCES "auth_user" ("id") DEFERRABLE INITIALLY DEFERRED, "permission_id" integer NOT NULL REFERENCES "auth_permission" ("id") DEFERRABLE INITIALLY DEFERRED);
CREATE TABLE IF NOT EXISTS "django_admin_log" ("id" SERIAL NOT NULL PRIMARY KEY, "object_id" text NULL, "object_repr" varchar(200) NOT NULL, "action_flag" smallint unsigned NOT NULL, "change_message" text NOT NULL, "content_type_id" integer NULL REFERENCES "django_content_type" ("id") DEFERRABLE INITIALLY DEFERRED, "user_id" integer NOT NULL REFERENCES "auth_user" ("id") DEFERRABLE INITIALLY DEFERRED, "action_time" datetime NOT NULL);
CREATE TABLE IF NOT EXISTS "armory_item" ("item_id" SERIAL NOT NULL PRIMARY KEY, "name" varchar(30) NOT NULL, "value" integer NOT NULL, "weight" integer NOT NULL);
INSERT INTO armory_item VALUES(1,'Libero facere dolore, as',0,0);
INSERT INTO armory_item VALUES(2,'Qui',0,0);
INSERT INTO armory_item VALUES(3,'Laborios',0,0);
INSERT INTO armory_item VALUES(4,'Quibusdam illo deserunt ea',0,0);
INSERT INTO armory_item VALUES(5,'Quod eveniet i',0,0);
INSERT INTO armory_item VALUES(6,'Qui odio beata',0,0);
INSERT INTO armory_item VALUES(7,'Omnis',0,0);
INSERT INTO armory_item VALUES(8,'Saepe ea vo',0,0);
INSERT INTO armory_item VALUES(9,'Vel illo sed',0,0);
INSERT INTO armory_item VALUES(10,'Pariatur hic iste m',0,0);
INSERT INTO armory_item VALUES(11,'Eum illo expedita',0,0);
INSERT INTO armory_item VALUES(12,'Laudantium recusand',0,0);
INSERT INTO armory_item VALUES(13,'Molesti',0,0);
INSERT INTO armory_item VALUES(14,'Veniam fuga n',0,0);
INSERT INTO armory_item VALUES(15,'Animi molestias possimus nihil',0,0);
INSERT INTO armory_item VALUES(16,'Assu',0,0);
INSERT INTO armory_item VALUES(17,'Officiis',0,0);
INSERT INTO armory_item VALUES(18,'Consectetur deleniti cupi',0,0);
INSERT INTO armory_item VALUES(19,'Explicabo',0,0);
INSERT INTO armory_item VALUES(20,'Dolores rem v',0,0);
INSERT INTO armory_item VALUES(21,'Sit rerum err',0,0);
INSERT INTO armory_item VALUES(22,'Sapiente numquam qu',0,0);
INSERT INTO armory_item VALUES(23,'Nam ab illum culpa corporis fu',0,0);
INSERT INTO armory_item VALUES(24,'Blanditiis obcaecat',0,0);
INSERT INTO armory_item VALUES(25,'Ex',0,0);
INSERT INTO armory_item VALUES(26,'Assumenda nam i',0,0);
INSERT INTO armory_item VALUES(27,'Distinctio mini',0,0);
INSERT INTO armory_item VALUES(28,'Impedit libero id modi eos vol',0,0);
INSERT INTO armory_item VALUES(29,'In p',0,0);
INSERT INTO armory_item VALUES(30,'Possimus quae elig',0,0);
INSERT INTO armory_item VALUES(31,'Vitae nulla praesentium magnam',0,0);
INSERT INTO armory_item VALUES(32,'Ipsam placeat e',0,0);
INSERT INTO armory_item VALUES(33,'Corporis ani',0,0);
INSERT INTO armory_item VALUES(34,'Eius cum quis',0,0);
INSERT INTO armory_item VALUES(35,'Suscip',0,0);
INSERT INTO armory_item VALUES(36,'Soluta consequatur dolore',0,0);
INSERT INTO armory_item VALUES(37,'Perferendis corr',0,0);
INSERT INTO armory_item VALUES(38,'Reprehen',0,0);
INSERT INTO armory_item VALUES(39,'Eveniet impedi',0,0);
INSERT INTO armory_item VALUES(40,'Accusamus reprehenderit beata',0,0);
INSERT INTO armory_item VALUES(41,'Beatae do',0,0);
INSERT INTO armory_item VALUES(42,'Error maiores nulla',0,0);
INSERT INTO armory_item VALUES(43,'Tempore',0,0);
INSERT INTO armory_item VALUES(44,'Culpa nemo vol',0,0);
INSERT INTO armory_item VALUES(45,'Repellat iusto quam reprehen',0,0);
INSERT INTO armory_item VALUES(46,'Exp',0,0);
INSERT INTO armory_item VALUES(47,'Animi dolor at est',0,0);
INSERT INTO armory_item VALUES(48,'Labore a consecte',0,0);
INSERT INTO armory_item VALUES(49,'Sed quo corpor',0,0);
INSERT INTO armory_item VALUES(50,'Officia asperiores obcaecati d',0,0);
INSERT INTO armory_item VALUES(51,'Ipsam',0,0);
INSERT INTO armory_item VALUES(52,'Molestiae veniam',0,0);
INSERT INTO armory_item VALUES(53,'Perferendis repudiandae labo',0,0);
INSERT INTO armory_item VALUES(54,'Similique totam quasi ipsa ex',0,0);
INSERT INTO armory_item VALUES(55,'Velit voluptatem',0,0);
INSERT INTO armory_item VALUES(56,'Harum voluptatum ius',0,0);
INSERT INTO armory_item VALUES(57,'Ex libero soluta',0,0);
INSERT INTO armory_item VALUES(58,'Quos re',0,0);
INSERT INTO armory_item VALUES(59,'Deleniti quas explica',0,0);
INSERT INTO armory_item VALUES(60,'Porro molliti',0,0);
INSERT INTO armory_item VALUES(61,'Enim laboriosam quae',0,0);
INSERT INTO armory_item VALUES(62,'Natus rem repellat quas assum',0,0);
INSERT INTO armory_item VALUES(63,'Quasi re',0,0);
INSERT INTO armory_item VALUES(64,'Laudantium c',0,0);
INSERT INTO armory_item VALUES(65,'Quos blanditiis nost',0,0);
INSERT INTO armory_item VALUES(66,'Quisquam ut cupiditate',0,0);
INSERT INTO armory_item VALUES(67,'Eaque nemo velit nece',0,0);
INSERT INTO armory_item VALUES(68,'Repudiandae',0,0);
INSERT INTO armory_item VALUES(69,'Minus illum vo',0,0);
INSERT INTO armory_item VALUES(70,'Minus repell',0,0);
INSERT INTO armory_item VALUES(71,'Quia quasi labo',0,0);
INSERT INTO armory_item VALUES(72,'Eligendi fuga mol',0,0);
INSERT INTO armory_item VALUES(73,'Beatae ita',0,0);
INSERT INTO armory_item VALUES(74,'Quo sunt laudantium al',0,0);
INSERT INTO armory_item VALUES(75,'Ist',0,0);
INSERT INTO armory_item VALUES(76,'Voluptatem laborum dicta cum',0,0);
INSERT INTO armory_item VALUES(77,'Corporis obcaecati ven',0,0);
INSERT INTO armory_item VALUES(78,'Neque quae eum dign',0,0);
INSERT INTO armory_item VALUES(79,'Dolorem quam neque, amet cum e',0,0);
INSERT INTO armory_item VALUES(80,'Rem expedit',0,0);
INSERT INTO armory_item VALUES(81,'Est sapiente iusto minus quam',0,0);
INSERT INTO armory_item VALUES(82,'Atque laudantium dolor q',0,0);
INSERT INTO armory_item VALUES(83,'Accusan',0,0);
INSERT INTO armory_item VALUES(84,'Consectetur error o',0,0);
INSERT INTO armory_item VALUES(85,'Alias laboriosam sapiente e',0,0);
INSERT INTO armory_item VALUES(86,'Doloribus animi perspiciatis',0,0);
INSERT INTO armory_item VALUES(87,'Hic possimus qua',0,0);
INSERT INTO armory_item VALUES(88,'Unde quaerat tenetur',0,0);
INSERT INTO armory_item VALUES(89,'Facere reprehenderit v',0,0);
INSERT INTO armory_item VALUES(90,'Aperiam consequuntu',0,0);
INSERT INTO armory_item VALUES(91,'Quis expedita ip',0,0);
INSERT INTO armory_item VALUES(92,'Ea vel deserunt aspernat',0,0);
INSERT INTO armory_item VALUES(93,'Natus',0,0);
INSERT INTO armory_item VALUES(94,'Optio iusto laboriosam te',0,0);
INSERT INTO armory_item VALUES(95,'Laborios',0,0);
INSERT INTO armory_item VALUES(96,'Commodi deserunt in illo',0,0);
INSERT INTO armory_item VALUES(97,'Ad numquam dicta cons',0,0);
INSERT INTO armory_item VALUES(98,'Aliquid aliquam velit reru',0,0);
INSERT INTO armory_item VALUES(99,'Facere q',0,0);
INSERT INTO armory_item VALUES(100,'Incidunt libero assumen',0,0);
INSERT INTO armory_item VALUES(101,'Earum suscipit ea voluptates i',0,0);
INSERT INTO armory_item VALUES(102,'Sint dolorum',0,0);
INSERT INTO armory_item VALUES(103,'Incidunt fugiat ea, ea',0,0);
INSERT INTO armory_item VALUES(104,'Molestiae r',0,0);
INSERT INTO armory_item VALUES(105,'Voluptatem labore laboriosa',0,0);
INSERT INTO armory_item VALUES(106,'Et ducimus cumque aut perspic',0,0);
INSERT INTO armory_item VALUES(107,'Corrupti ap',0,0);
INSERT INTO armory_item VALUES(108,'Perferendis nesciunt quae dolo',0,0);
INSERT INTO armory_item VALUES(109,'Sunt doloremque recusanda',0,0);
INSERT INTO armory_item VALUES(110,'Deleniti similique obc',0,0);
INSERT INTO armory_item VALUES(111,'Numquam tempor',0,0);
INSERT INTO armory_item VALUES(112,'Quibusdam deleniti quasi provi',0,0);
INSERT INTO armory_item VALUES(113,'Accusamus exercitat',0,0);
INSERT INTO armory_item VALUES(114,'Error eveniet ipsum, expedi',0,0);
INSERT INTO armory_item VALUES(115,'Sapiente do',0,0);
INSERT INTO armory_item VALUES(116,'Fuga necessitatibus',0,0);
INSERT INTO armory_item VALUES(117,'Nam excepturi placeat asperna',0,0);
INSERT INTO armory_item VALUES(118,'Dolore fugit itaq',0,0);
INSERT INTO armory_item VALUES(119,'Beatae ve',0,0);
INSERT INTO armory_item VALUES(120,'Blanditiis corporis exerci',0,0);
INSERT INTO armory_item VALUES(121,'Nesciunt quia nobi',0,0);
INSERT INTO armory_item VALUES(122,'Quisquam e',0,0);
INSERT INTO armory_item VALUES(123,'Illo q',0,0);
INSERT INTO armory_item VALUES(124,'Repellat voluptates ea,',0,0);
INSERT INTO armory_item VALUES(125,'Labore architecto tempora d',0,0);
INSERT INTO armory_item VALUES(126,'Porro impedit enim earum nam n',0,0);
INSERT INTO armory_item VALUES(127,'Evenie',0,0);
INSERT INTO armory_item VALUES(128,'Similique do',0,0);
INSERT INTO armory_item VALUES(129,'Quos voluptates at n',0,0);
INSERT INTO armory_item VALUES(130,'Neq',0,0);
INSERT INTO armory_item VALUES(131,'Neq',0,0);
INSERT INTO armory_item VALUES(132,'Optio dolore itaque',0,0);
INSERT INTO armory_item VALUES(133,'Libero saepe accusantium',0,0);
INSERT INTO armory_item VALUES(134,'Illum nequ',0,0);
INSERT INTO armory_item VALUES(135,'Culpa accusantium fugit id',0,0);
INSERT INTO armory_item VALUES(136,'Fugit pariatur vero nesciu',0,0);
INSERT INTO armory_item VALUES(137,'Numqu',0,0);
INSERT INTO armory_item VALUES(138,'Corrupti sit at cum',0,0);
INSERT INTO armory_item VALUES(139,'Est fugit incidunt co',0,0);
INSERT INTO armory_item VALUES(140,'Quos nihil quibusdam',0,0);
INSERT INTO armory_item VALUES(141,'Sit quidem tempora doloribus r',0,0);
INSERT INTO armory_item VALUES(142,'Amet vel distinctio mo',0,0);
INSERT INTO armory_item VALUES(143,'Illum eaque atque recusand',0,0);
INSERT INTO armory_item VALUES(144,'Dignissi',0,0);
INSERT INTO armory_item VALUES(145,'Corporis fug',0,0);
INSERT INTO armory_item VALUES(146,'Sequi nesciunt',0,0);
INSERT INTO armory_item VALUES(147,'Facere neque qu',0,0);
INSERT INTO armory_item VALUES(148,'Corporis voluptas provi',0,0);
INSERT INTO armory_item VALUES(149,'Repella',0,0);
INSERT INTO armory_item VALUES(150,'Culpa cumque quo vel',0,0);
INSERT INTO armory_item VALUES(151,'Magni totam q',0,0);
INSERT INTO armory_item VALUES(152,'Illu',0,0);
INSERT INTO armory_item VALUES(153,'Sit quibusdam ab, enim in ex',0,0);
INSERT INTO armory_item VALUES(154,'Consequuntur at earum d',0,0);
INSERT INTO armory_item VALUES(155,'Voluptatum doloremque to',0,0);
INSERT INTO armory_item VALUES(156,'Expedita nam est in l',0,0);
INSERT INTO armory_item VALUES(157,'Repelle',0,0);
INSERT INTO armory_item VALUES(158,'Sit numqu',0,0);
INSERT INTO armory_item VALUES(159,'Ipsum sit praesentium cum ame',0,0);
INSERT INTO armory_item VALUES(160,'Totam delectus sed fugiat o',0,0);
INSERT INTO armory_item VALUES(161,'Doloremq',0,0);
INSERT INTO armory_item VALUES(162,'Id reprehenderit ullam rat',0,0);
INSERT INTO armory_item VALUES(163,'Dignissimos dolo',0,0);
INSERT INTO armory_item VALUES(164,'Inventore re',0,0);
INSERT INTO armory_item VALUES(165,'Nemo expl',0,0);
INSERT INTO armory_item VALUES(166,'Distinctio tene',0,0);
INSERT INTO armory_item VALUES(167,'Recusandae fug',0,0);
INSERT INTO armory_item VALUES(168,'Officiis illo cum acc',0,0);
INSERT INTO armory_item VALUES(169,'Repudiandae molestias be',0,0);
INSERT INTO armory_item VALUES(170,'Iure nob',0,0);
INSERT INTO armory_item VALUES(171,'Ea dolor exercitation',0,0);
INSERT INTO armory_item VALUES(172,'Omnis maxime deserunt',0,0);
INSERT INTO armory_item VALUES(173,'Eum error eveni',0,0);
INSERT INTO armory_item VALUES(174,'Atque repudiandae molestiae v',0,0);
CREATE TABLE IF NOT EXISTS "armory_weapon" ("item_ptr_id" integer NOT NULL PRIMARY KEY REFERENCES "armory_item" ("item_id") DEFERRABLE INITIALLY DEFERRED, "power" integer NOT NULL);
INSERT INTO armory_weapon VALUES(138,0);
INSERT INTO armory_weapon VALUES(139,0);
INSERT INTO armory_weapon VALUES(140,0);
INSERT INTO armory_weapon VALUES(141,0);
INSERT INTO armory_weapon VALUES(142,0);
INSERT INTO armory_weapon VALUES(143,0);
INSERT INTO armory_weapon VALUES(144,0);
INSERT INTO armory_weapon VALUES(145,0);
INSERT INTO armory_weapon VALUES(146,0);
INSERT INTO armory_weapon VALUES(147,0);
INSERT INTO armory_weapon VALUES(148,0);
INSERT INTO armory_weapon VALUES(149,0);
INSERT INTO armory_weapon VALUES(150,0);
INSERT INTO armory_weapon VALUES(151,0);
INSERT INTO armory_weapon VALUES(152,0);
INSERT INTO armory_weapon VALUES(153,0);
INSERT INTO armory_weapon VALUES(154,0);
INSERT INTO armory_weapon VALUES(155,0);
INSERT INTO armory_weapon VALUES(156,0);
INSERT INTO armory_weapon VALUES(157,0);
INSERT INTO armory_weapon VALUES(158,0);
INSERT INTO armory_weapon VALUES(159,0);
INSERT INTO armory_weapon VALUES(160,0);
INSERT INTO armory_weapon VALUES(161,0);
INSERT INTO armory_weapon VALUES(162,0);
INSERT INTO armory_weapon VALUES(163,0);
INSERT INTO armory_weapon VALUES(164,0);
INSERT INTO armory_weapon VALUES(165,0);
INSERT INTO armory_weapon VALUES(166,0);
INSERT INTO armory_weapon VALUES(167,0);
INSERT INTO armory_weapon VALUES(168,0);
INSERT INTO armory_weapon VALUES(169,0);
INSERT INTO armory_weapon VALUES(170,0);
INSERT INTO armory_weapon VALUES(171,0);
INSERT INTO armory_weapon VALUES(172,0);
INSERT INTO armory_weapon VALUES(173,0);
INSERT INTO armory_weapon VALUES(174,0);
CREATE TABLE IF NOT EXISTS "django_content_type" ("id" SERIAL NOT NULL PRIMARY KEY, "app_label" varchar(100) NOT NULL, "model" varchar(100) NOT NULL);
INSERT INTO django_content_type VALUES(1,'admin','logentry');
INSERT INTO django_content_type VALUES(2,'auth','user');
INSERT INTO django_content_type VALUES(3,'auth','group');
INSERT INTO django_content_type VALUES(4,'auth','permission');
INSERT INTO django_content_type VALUES(5,'contenttypes','contenttype');
INSERT INTO django_content_type VALUES(6,'sessions','session');
INSERT INTO django_content_type VALUES(7,'armory','item');
INSERT INTO django_content_type VALUES(8,'armory','weapon');
INSERT INTO django_content_type VALUES(9,'charactercreator','character');
INSERT INTO django_content_type VALUES(10,'charactercreator','mage');
INSERT INTO django_content_type VALUES(11,'charactercreator','thief');
INSERT INTO django_content_type VALUES(12,'charactercreator','cleric');
INSERT INTO django_content_type VALUES(13,'charactercreator','fighter');
INSERT INTO django_content_type VALUES(14,'charactercreator','necromancer');
CREATE TABLE IF NOT EXISTS "auth_permission" ("id" SERIAL NOT NULL PRIMARY KEY, "content_type_id" integer NOT NULL REFERENCES "django_content_type" ("id") DEFERRABLE INITIALLY DEFERRED, "codename" varchar(100) NOT NULL, "name" varchar(255) NOT NULL);
INSERT INTO auth_permission VALUES(1,1,'add_logentry','Can add log entry');
INSERT INTO auth_permission VALUES(2,1,'change_logentry','Can change log entry');
INSERT INTO auth_permission VALUES(3,1,'delete_logentry','Can delete log entry');
INSERT INTO auth_permission VALUES(4,2,'add_user','Can add user');
INSERT INTO auth_permission VALUES(5,2,'change_user','Can change user');
INSERT INTO auth_permission VALUES(6,2,'delete_user','Can delete user');
INSERT INTO auth_permission VALUES(7,3,'add_group','Can add group');
INSERT INTO auth_permission VALUES(8,3,'change_group','Can change group');
INSERT INTO auth_permission VALUES(9,3,'delete_group','Can delete group');
INSERT INTO auth_permission VALUES(10,4,'add_permission','Can add permission');
INSERT INTO auth_permission VALUES(11,4,'change_permission','Can change permission');
INSERT INTO auth_permission VALUES(12,4,'delete_permission','Can delete permission');
INSERT INTO auth_permission VALUES(13,5,'add_contenttype','Can add content type');
INSERT INTO auth_permission VALUES(14,5,'change_contenttype','Can change content type');
INSERT INTO auth_permission VALUES(15,5,'delete_contenttype','Can delete content type');
INSERT INTO auth_permission VALUES(16,6,'add_session','Can add session');
INSERT INTO auth_permission VALUES(17,6,'change_session','Can change session');
INSERT INTO auth_permission VALUES(18,6,'delete_session','Can delete session');
INSERT INTO auth_permission VALUES(19,7,'add_item','Can add item');
INSERT INTO auth_permission VALUES(20,7,'change_item','Can change item');
INSERT INTO auth_permission VALUES(21,7,'delete_item','Can delete item');
INSERT INTO auth_permission VALUES(22,8,'add_weapon','Can add weapon');
INSERT INTO auth_permission VALUES(23,8,'change_weapon','Can change weapon');
INSERT INTO auth_permission VALUES(24,8,'delete_weapon','Can delete weapon');
INSERT INTO auth_permission VALUES(25,9,'add_character','Can add character');
INSERT INTO auth_permission VALUES(26,9,'change_character','Can change character');
INSERT INTO auth_permission VALUES(27,9,'delete_character','Can delete character');
INSERT INTO auth_permission VALUES(28,10,'add_mage','Can add mage');
INSERT INTO auth_permission VALUES(29,10,'change_mage','Can change mage');
INSERT INTO auth_permission VALUES(30,10,'delete_mage','Can delete mage');
INSERT INTO auth_permission VALUES(31,11,'add_thief','Can add thief');
INSERT INTO auth_permission VALUES(32,11,'change_thief','Can change thief');
INSERT INTO auth_permission VALUES(33,11,'delete_thief','Can delete thief');
INSERT INTO auth_permission VALUES(34,12,'add_cleric','Can add cleric');
INSERT INTO auth_permission VALUES(35,12,'change_cleric','Can change cleric');
INSERT INTO auth_permission VALUES(36,12,'delete_cleric','Can delete cleric');
INSERT INTO auth_permission VALUES(37,13,'add_fighter','Can add fighter');
INSERT INTO auth_permission VALUES(38,13,'change_fighter','Can change fighter');
INSERT INTO auth_permission VALUES(39,13,'delete_fighter','Can delete fighter');
INSERT INTO auth_permission VALUES(40,14,'add_necromancer','Can add necromancer');
INSERT INTO auth_permission VALUES(41,14,'change_necromancer','Can change necromancer');
INSERT INTO auth_permission VALUES(42,14,'delete_necromancer','Can delete necromancer');
CREATE TABLE IF NOT EXISTS "auth_user" ("id" SERIAL NOT NULL PRIMARY KEY, "password" varchar(128) NOT NULL, "last_login" datetime NULL, "is_superuser" bool NOT NULL, "username" varchar(150) NOT NULL UNIQUE, "first_name" varchar(30) NOT NULL, "email" varchar(254) NOT NULL, "is_staff" bool NOT NULL, "is_active" bool NOT NULL, "date_joined" datetime NOT NULL, "last_name" varchar(150) NOT NULL);
CREATE TABLE IF NOT EXISTS "charactercreator_character_inventory" ("id" SERIAL NOT NULL PRIMARY KEY, "character_id" integer NOT NULL REFERENCES "charactercreator_character" ("character_id") DEFERRABLE INITIALLY DEFERRED, "item_id" integer NOT NULL REFERENCES "armory_item" ("item_id") DEFERRABLE INITIALLY DEFERRED);
INSERT INTO charactercreator_character_inventory VALUES(1,1,58);
INSERT INTO charactercreator_character_inventory VALUES(2,1,20);
INSERT INTO charactercreator_character_inventory VALUES(3,1,85);
INSERT INTO charactercreator_character_inventory VALUES(4,2,115);
INSERT INTO charactercreator_character_inventory VALUES(5,2,93);
INSERT INTO charactercreator_character_inventory VALUES(6,2,133);
INSERT INTO charactercreator_character_inventory VALUES(7,3,8);
INSERT INTO charactercreator_character_inventory VALUES(8,3,43);
INSERT INTO charactercreator_character_inventory VALUES(9,4,82);
INSERT INTO charactercreator_character_inventory VALUES(10,4,21);
INSERT INTO charactercreator_character_inventory VALUES(11,4,85);
INSERT INTO charactercreator_character_inventory VALUES(12,4,135);
INSERT INTO charactercreator_character_inventory VALUES(13,5,96);
INSERT INTO charactercreator_character_inventory VALUES(14,5,145);
INSERT INTO charactercreator_character_inventory VALUES(15,5,140);
INSERT INTO charactercreator_character_inventory VALUES(16,5,7);
INSERT INTO charactercreator_character_inventory VALUES(17,6,93);
INSERT INTO charactercreator_character_inventory VALUES(18,7,38);
INSERT INTO charactercreator_character_inventory VALUES(19,7,42);
INSERT INTO charactercreator_character_inventory VALUES(20,7,123);
INSERT INTO charactercreator_character_inventory VALUES(21,7,85);
INSERT INTO charactercreator_character_inventory VALUES(22,7,166);
INSERT INTO charactercreator_character_inventory VALUES(23,8,48);
INSERT INTO charactercreator_character_inventory VALUES(24,8,43);
INSERT INTO charactercreator_character_inventory VALUES(25,8,119);
INSERT INTO charactercreator_character_inventory VALUES(26,9,32);
INSERT INTO charactercreator_character_inventory VALUES(27,9,106);
INSERT INTO charactercreator_character_inventory VALUES(28,9,116);
INSERT INTO charactercreator_character_inventory VALUES(29,9,125);
INSERT INTO charactercreator_character_inventory VALUES(30,10,129);
INSERT INTO charactercreator_character_inventory VALUES(31,10,131);
INSERT INTO charactercreator_character_inventory VALUES(32,10,117);
INSERT INTO charactercreator_character_inventory VALUES(33,10,135);
INSERT INTO charactercreator_character_inventory VALUES(34,11,158);
INSERT INTO charactercreator_character_inventory VALUES(35,11,108);
INSERT INTO charactercreator_character_inventory VALUES(36,11,54);
INSERT INTO charactercreator_character_inventory VALUES(37,12,65);
INSERT INTO charactercreator_character_inventory VALUES(38,12,115);
INSERT INTO charactercreator_character_inventory VALUES(39,12,126);
INSERT INTO charactercreator_character_inventory VALUES(40,13,38);
INSERT INTO charactercreator_character_inventory VALUES(41,13,44);
INSERT INTO charactercreator_character_inventory VALUES(42,13,125);
INSERT INTO charactercreator_character_inventory VALUES(43,13,62);
INSERT INTO charactercreator_character_inventory VALUES(44,14,65);
INSERT INTO charactercreator_character_inventory VALUES(45,14,34);
INSERT INTO charactercreator_character_inventory VALUES(46,14,68);
INSERT INTO charactercreator_character_inventory VALUES(47,14,41);
INSERT INTO charactercreator_character_inventory VALUES(48,15,56);
INSERT INTO charactercreator_character_inventory VALUES(49,15,74);
INSERT INTO charactercreator_character_inventory VALUES(50,15,84);
INSERT INTO charactercreator_character_inventory VALUES(51,15,34);
INSERT INTO charactercreator_character_inventory VALUES(52,16,87);
INSERT INTO charactercreator_character_inventory VALUES(53,17,136);
INSERT INTO charactercreator_character_inventory VALUES(54,17,116);
INSERT INTO charactercreator_character_inventory VALUES(55,17,64);
INSERT INTO charactercreator_character_inventory VALUES(56,17,68);
INSERT INTO charactercreator_character_inventory VALUES(57,17,128);
INSERT INTO charactercreator_character_inventory VALUES(58,18,64);
INSERT INTO charactercreator_character_inventory VALUES(59,18,17);
INSERT INTO charactercreator_character_inventory VALUES(60,18,90);
INSERT INTO charactercreator_character_inventory VALUES(61,18,60);
INSERT INTO charactercreator_character_inventory VALUES(62,18,62);
INSERT INTO charactercreator_character_inventory VALUES(63,19,113);
INSERT INTO charactercreator_character_inventory VALUES(64,19,52);
INSERT INTO charactercreator_character_inventory VALUES(65,19,5);
INSERT INTO charactercreator_character_inventory VALUES(66,20,156);
INSERT INTO charactercreator_character_inventory VALUES(67,21,33);
INSERT INTO charactercreator_character_inventory VALUES(68,21,34);
INSERT INTO charactercreator_character_inventory VALUES(69,21,51);
INSERT INTO charactercreator_character_inventory VALUES(70,21,117);
INSERT INTO charactercreator_character_inventory VALUES(71,22,41);
INSERT INTO charactercreator_character_inventory VALUES(72,22,43);
INSERT INTO charactercreator_character_inventory VALUES(73,22,164);
INSERT INTO charactercreator_character_inventory VALUES(74,23,160);
INSERT INTO charactercreator_character_inventory VALUES(75,23,33);
INSERT INTO charactercreator_character_inventory VALUES(76,23,61);
INSERT INTO charactercreator_character_inventory VALUES(77,24,8);
INSERT INTO charactercreator_character_inventory VALUES(78,25,122);
INSERT INTO charactercreator_character_inventory VALUES(79,25,50);
INSERT INTO charactercreator_character_inventory VALUES(80,26,112);
INSERT INTO charactercreator_character_inventory VALUES(81,26,149);
INSERT INTO charactercreator_character_inventory VALUES(82,27,104);
INSERT INTO charactercreator_character_inventory VALUES(83,27,172);
INSERT INTO charactercreator_character_inventory VALUES(84,27,10);
INSERT INTO charactercreator_character_inventory VALUES(85,27,148);
INSERT INTO charactercreator_character_inventory VALUES(86,27,157);
INSERT INTO charactercreator_character_inventory VALUES(87,28,51);
INSERT INTO charactercreator_character_inventory VALUES(88,29,120);
INSERT INTO charactercreator_character_inventory VALUES(89,29,170);
INSERT INTO charactercreator_character_inventory VALUES(90,29,107);
INSERT INTO charactercreator_character_inventory VALUES(91,29,157);
INSERT INTO charactercreator_character_inventory VALUES(92,30,114);
INSERT INTO charactercreator_character_inventory VALUES(93,30,69);
INSERT INTO charactercreator_character_inventory VALUES(94,30,109);
INSERT INTO charactercreator_character_inventory VALUES(95,30,138);
INSERT INTO charactercreator_character_inventory VALUES(96,31,9);
INSERT INTO charactercreator_character_inventory VALUES(97,31,61);
INSERT INTO charactercreator_character_inventory VALUES(98,31,45);
INSERT INTO charactercreator_character_inventory VALUES(99,32,142);
INSERT INTO charactercreator_character_inventory VALUES(100,32,111);
INSERT INTO charactercreator_character_inventory VALUES(101,33,64);
INSERT INTO charactercreator_character_inventory VALUES(102,33,110);
INSERT INTO charactercreator_character_inventory VALUES(103,34,160);
INSERT INTO charactercreator_character_inventory VALUES(104,34,90);
INSERT INTO charactercreator_character_inventory VALUES(105,34,132);
INSERT INTO charactercreator_character_inventory VALUES(106,34,5);
INSERT INTO charactercreator_character_inventory VALUES(107,35,3);
INSERT INTO charactercreator_character_inventory VALUES(108,35,166);
INSERT INTO charactercreator_character_inventory VALUES(109,35,101);
INSERT INTO charactercreator_character_inventory VALUES(110,35,62);
INSERT INTO charactercreator_character_inventory VALUES(111,35,165);
INSERT INTO charactercreator_character_inventory VALUES(112,36,29);
INSERT INTO charactercreator_character_inventory VALUES(113,36,153);
INSERT INTO charactercreator_character_inventory VALUES(114,36,34);
INSERT INTO charactercreator_character_inventory VALUES(115,36,155);
INSERT INTO charactercreator_character_inventory VALUES(116,36,141);
INSERT INTO charactercreator_character_inventory VALUES(117,37,169);
INSERT INTO charactercreator_character_inventory VALUES(118,37,42);
INSERT INTO charactercreator_character_inventory VALUES(119,37,20);
INSERT INTO charactercreator_character_inventory VALUES(120,37,174);
INSERT INTO charactercreator_character_inventory VALUES(121,37,54);
INSERT INTO charactercreator_character_inventory VALUES(122,38,80);
INSERT INTO charactercreator_character_inventory VALUES(123,38,146);
INSERT INTO charactercreator_character_inventory VALUES(124,38,115);
INSERT INTO charactercreator_character_inventory VALUES(125,38,124);
INSERT INTO charactercreator_character_inventory VALUES(126,38,165);
INSERT INTO charactercreator_character_inventory VALUES(127,39,168);
INSERT INTO charactercreator_character_inventory VALUES(128,39,58);
INSERT INTO charactercreator_character_inventory VALUES(129,39,150);
INSERT INTO charactercreator_character_inventory VALUES(130,40,32);
INSERT INTO charactercreator_character_inventory VALUES(131,40,26);
INSERT INTO charactercreator_character_inventory VALUES(132,40,147);
INSERT INTO charactercreator_character_inventory VALUES(133,41,168);
INSERT INTO charactercreator_character_inventory VALUES(134,41,112);
INSERT INTO charactercreator_character_inventory VALUES(135,42,65);
INSERT INTO charactercreator_character_inventory VALUES(136,42,131);
INSERT INTO charactercreator_character_inventory VALUES(137,42,92);
INSERT INTO charactercreator_character_inventory VALUES(138,43,131);
INSERT INTO charactercreator_character_inventory VALUES(139,44,38);
INSERT INTO charactercreator_character_inventory VALUES(140,45,16);
INSERT INTO charactercreator_character_inventory VALUES(141,45,66);
INSERT INTO charactercreator_character_inventory VALUES(142,45,76);
INSERT INTO charactercreator_character_inventory VALUES(143,45,12);
INSERT INTO charactercreator_character_inventory VALUES(144,46,84);
INSERT INTO charactercreator_character_inventory VALUES(145,47,136);
INSERT INTO charactercreator_character_inventory VALUES(146,47,161);
INSERT INTO charactercreator_character_inventory VALUES(147,47,35);
INSERT INTO charactercreator_character_inventory VALUES(148,47,94);
INSERT INTO charactercreator_character_inventory VALUES(149,48,137);
INSERT INTO charactercreator_character_inventory VALUES(150,48,45);
INSERT INTO charactercreator_character_inventory VALUES(151,48,126);
INSERT INTO charactercreator_character_inventory VALUES(152,48,47);
INSERT INTO charactercreator_character_inventory VALUES(153,49,41);
INSERT INTO charactercreator_character_inventory VALUES(154,49,2);
INSERT INTO charactercreator_character_inventory VALUES(155,49,86);
INSERT INTO charactercreator_character_inventory VALUES(156,49,113);
INSERT INTO charactercreator_character_inventory VALUES(157,50,29);
INSERT INTO charactercreator_character_inventory VALUES(158,51,73);
INSERT INTO charactercreator_character_inventory VALUES(159,51,153);
INSERT INTO charactercreator_character_inventory VALUES(160,51,79);
INSERT INTO charactercreator_character_inventory VALUES(161,52,115);
INSERT INTO charactercreator_character_inventory VALUES(162,52,131);
INSERT INTO charactercreator_character_inventory VALUES(163,53,26);
INSERT INTO charactercreator_character_inventory VALUES(164,53,170);
INSERT INTO charactercreator_character_inventory VALUES(165,53,3);
INSERT INTO charactercreator_character_inventory VALUES(166,53,54);
INSERT INTO charactercreator_character_inventory VALUES(167,53,119);
INSERT INTO charactercreator_character_inventory VALUES(168,54,55);
INSERT INTO charactercreator_character_inventory VALUES(169,55,81);
INSERT INTO charactercreator_character_inventory VALUES(170,55,49);
INSERT INTO charactercreator_character_inventory VALUES(171,55,141);
INSERT INTO charactercreator_character_inventory VALUES(172,55,160);
INSERT INTO charactercreator_character_inventory VALUES(173,56,156);
INSERT INTO charactercreator_character_inventory VALUES(174,57,168);
INSERT INTO charactercreator_character_inventory VALUES(175,57,156);
INSERT INTO charactercreator_character_inventory VALUES(176,57,36);
INSERT INTO charactercreator_character_inventory VALUES(177,58,62);
INSERT INTO charactercreator_character_inventory VALUES(178,58,5);
INSERT INTO charactercreator_character_inventory VALUES(179,58,46);
INSERT INTO charactercreator_character_inventory VALUES(180,58,159);
INSERT INTO charactercreator_character_inventory VALUES(181,59,89);
INSERT INTO charactercreator_character_inventory VALUES(182,59,166);
INSERT INTO charactercreator_character_inventory VALUES(183,59,174);
INSERT INTO charactercreator_character_inventory VALUES(184,59,87);
INSERT INTO charactercreator_character_inventory VALUES(185,60,129);
INSERT INTO charactercreator_character_inventory VALUES(186,60,130);
INSERT INTO charactercreator_character_inventory VALUES(187,60,141);
INSERT INTO charactercreator_character_inventory VALUES(188,60,87);
INSERT INTO charactercreator_character_inventory VALUES(189,61,116);
INSERT INTO charactercreator_character_inventory VALUES(190,61,95);
INSERT INTO charactercreator_character_inventory VALUES(191,62,115);
INSERT INTO charactercreator_character_inventory VALUES(192,63,19);
INSERT INTO charactercreator_character_inventory VALUES(193,63,163);
INSERT INTO charactercreator_character_inventory VALUES(194,63,5);
INSERT INTO charactercreator_character_inventory VALUES(195,63,158);
INSERT INTO charactercreator_character_inventory VALUES(196,63,151);
INSERT INTO charactercreator_character_inventory VALUES(197,64,160);
INSERT INTO charactercreator_character_inventory VALUES(198,64,66);
INSERT INTO charactercreator_character_inventory VALUES(199,64,134);
INSERT INTO charactercreator_character_inventory VALUES(200,65,8);
INSERT INTO charactercreator_character_inventory VALUES(201,65,18);
INSERT INTO charactercreator_character_inventory VALUES(202,65,116);
INSERT INTO charactercreator_character_inventory VALUES(203,65,136);
INSERT INTO charactercreator_character_inventory VALUES(204,65,157);
INSERT INTO charactercreator_character_inventory VALUES(205,66,3);
INSERT INTO charactercreator_character_inventory VALUES(206,66,113);
INSERT INTO charactercreator_character_inventory VALUES(207,66,145);
INSERT INTO charactercreator_character_inventory VALUES(208,66,123);
INSERT INTO charactercreator_character_inventory VALUES(209,66,83);
INSERT INTO charactercreator_character_inventory VALUES(210,67,89);
INSERT INTO charactercreator_character_inventory VALUES(211,68,114);
INSERT INTO charactercreator_character_inventory VALUES(212,68,147);
INSERT INTO charactercreator_character_inventory VALUES(213,68,93);
INSERT INTO charactercreator_character_inventory VALUES(214,68,54);
INSERT INTO charactercreator_character_inventory VALUES(215,69,146);
INSERT INTO charactercreator_character_inventory VALUES(216,69,43);
INSERT INTO charactercreator_character_inventory VALUES(217,69,90);
INSERT INTO charactercreator_character_inventory VALUES(218,70,139);
INSERT INTO charactercreator_character_inventory VALUES(219,70,172);
INSERT INTO charactercreator_character_inventory VALUES(220,70,151);
INSERT INTO charactercreator_character_inventory VALUES(221,71,11);
INSERT INTO charactercreator_character_inventory VALUES(222,71,83);
INSERT INTO charactercreator_character_inventory VALUES(223,71,167);
INSERT INTO charactercreator_character_inventory VALUES(224,72,128);
INSERT INTO charactercreator_character_inventory VALUES(225,73,19);
INSERT INTO charactercreator_character_inventory VALUES(226,74,106);
INSERT INTO charactercreator_character_inventory VALUES(227,74,139);
INSERT INTO charactercreator_character_inventory VALUES(228,75,99);
INSERT INTO charactercreator_character_inventory VALUES(229,76,24);
INSERT INTO charactercreator_character_inventory VALUES(230,77,2);
INSERT INTO charactercreator_character_inventory VALUES(231,77,68);
INSERT INTO charactercreator_character_inventory VALUES(232,77,133);
INSERT INTO charactercreator_character_inventory VALUES(233,77,22);
INSERT INTO charactercreator_character_inventory VALUES(234,78,25);
INSERT INTO charactercreator_character_inventory VALUES(235,78,21);
INSERT INTO charactercreator_character_inventory VALUES(236,78,141);
INSERT INTO charactercreator_character_inventory VALUES(237,79,106);
INSERT INTO charactercreator_character_inventory VALUES(238,80,8);
INSERT INTO charactercreator_character_inventory VALUES(239,80,149);
INSERT INTO charactercreator_character_inventory VALUES(240,80,102);
INSERT INTO charactercreator_character_inventory VALUES(241,81,24);
INSERT INTO charactercreator_character_inventory VALUES(242,81,155);
INSERT INTO charactercreator_character_inventory VALUES(243,81,4);
INSERT INTO charactercreator_character_inventory VALUES(244,81,101);
INSERT INTO charactercreator_character_inventory VALUES(245,81,158);
INSERT INTO charactercreator_character_inventory VALUES(246,82,136);
INSERT INTO charactercreator_character_inventory VALUES(247,82,12);
INSERT INTO charactercreator_character_inventory VALUES(248,82,93);
INSERT INTO charactercreator_character_inventory VALUES(249,82,30);
INSERT INTO charactercreator_character_inventory VALUES(250,83,9);
INSERT INTO charactercreator_character_inventory VALUES(251,83,115);
INSERT INTO charactercreator_character_inventory VALUES(252,83,101);
INSERT INTO charactercreator_character_inventory VALUES(253,84,97);
INSERT INTO charactercreator_character_inventory VALUES(254,84,162);
INSERT INTO charactercreator_character_inventory VALUES(255,84,3);
INSERT INTO charactercreator_character_inventory VALUES(256,84,143);
INSERT INTO charactercreator_character_inventory VALUES(257,85,72);
INSERT INTO charactercreator_character_inventory VALUES(258,85,65);
INSERT INTO charactercreator_character_inventory VALUES(259,85,153);
INSERT INTO charactercreator_character_inventory VALUES(260,85,116);
INSERT INTO charactercreator_character_inventory VALUES(261,85,165);
INSERT INTO charactercreator_character_inventory VALUES(262,86,24);
INSERT INTO charactercreator_character_inventory VALUES(263,86,148);
INSERT INTO charactercreator_character_inventory VALUES(264,86,20);
INSERT INTO charactercreator_character_inventory VALUES(265,86,46);
INSERT INTO charactercreator_character_inventory VALUES(266,86,15);
INSERT INTO charactercreator_character_inventory VALUES(267,87,40);
INSERT INTO charactercreator_character_inventory VALUES(268,88,97);
INSERT INTO charactercreator_character_inventory VALUES(269,88,170);
INSERT INTO charactercreator_character_inventory VALUES(270,88,137);
INSERT INTO charactercreator_character_inventory VALUES(271,88,108);
INSERT INTO charactercreator_character_inventory VALUES(272,89,91);
INSERT INTO charactercreator_character_inventory VALUES(273,89,38);
INSERT INTO charactercreator_character_inventory VALUES(274,90,4);
INSERT INTO charactercreator_character_inventory VALUES(275,90,166);
INSERT INTO charactercreator_character_inventory VALUES(276,91,128);
INSERT INTO charactercreator_character_inventory VALUES(277,91,41);
INSERT INTO charactercreator_character_inventory VALUES(278,91,51);
INSERT INTO charactercreator_character_inventory VALUES(279,91,5);
INSERT INTO charactercreator_character_inventory VALUES(280,91,135);
INSERT INTO charactercreator_character_inventory VALUES(281,92,16);
INSERT INTO charactercreator_character_inventory VALUES(282,92,59);
INSERT INTO charactercreator_character_inventory VALUES(283,92,77);
INSERT INTO charactercreator_character_inventory VALUES(284,92,95);
INSERT INTO charactercreator_character_inventory VALUES(285,92,151);
INSERT INTO charactercreator_character_inventory VALUES(286,93,131);
INSERT INTO charactercreator_character_inventory VALUES(287,93,12);
INSERT INTO charactercreator_character_inventory VALUES(288,93,5);
INSERT INTO charactercreator_character_inventory VALUES(289,93,60);
INSERT INTO charactercreator_character_inventory VALUES(290,94,73);
INSERT INTO charactercreator_character_inventory VALUES(291,94,58);
INSERT INTO charactercreator_character_inventory VALUES(292,94,139);
INSERT INTO charactercreator_character_inventory VALUES(293,94,100);
INSERT INTO charactercreator_character_inventory VALUES(294,95,99);
INSERT INTO charactercreator_character_inventory VALUES(295,95,58);
INSERT INTO charactercreator_character_inventory VALUES(296,95,67);
INSERT INTO charactercreator_character_inventory VALUES(297,95,112);
INSERT INTO charactercreator_character_inventory VALUES(298,95,14);
INSERT INTO charactercreator_character_inventory VALUES(299,96,170);
INSERT INTO charactercreator_character_inventory VALUES(300,96,130);
INSERT INTO charactercreator_character_inventory VALUES(301,96,77);
INSERT INTO charactercreator_character_inventory VALUES(302,96,142);
INSERT INTO charactercreator_character_inventory VALUES(303,96,135);
INSERT INTO charactercreator_character_inventory VALUES(304,97,72);
INSERT INTO charactercreator_character_inventory VALUES(305,97,17);
INSERT INTO charactercreator_character_inventory VALUES(306,97,101);
INSERT INTO charactercreator_character_inventory VALUES(307,98,10);
INSERT INTO charactercreator_character_inventory VALUES(308,98,87);
INSERT INTO charactercreator_character_inventory VALUES(309,99,158);
INSERT INTO charactercreator_character_inventory VALUES(310,100,40);
INSERT INTO charactercreator_character_inventory VALUES(311,100,57);
INSERT INTO charactercreator_character_inventory VALUES(312,100,146);
INSERT INTO charactercreator_character_inventory VALUES(313,100,107);
INSERT INTO charactercreator_character_inventory VALUES(314,100,85);
INSERT INTO charactercreator_character_inventory VALUES(315,101,40);
INSERT INTO charactercreator_character_inventory VALUES(316,101,170);
INSERT INTO charactercreator_character_inventory VALUES(317,101,30);
INSERT INTO charactercreator_character_inventory VALUES(318,101,22);
INSERT INTO charactercreator_character_inventory VALUES(319,101,39);
INSERT INTO charactercreator_character_inventory VALUES(320,102,26);
INSERT INTO charactercreator_character_inventory VALUES(321,102,84);
INSERT INTO charactercreator_character_inventory VALUES(322,102,52);
INSERT INTO charactercreator_character_inventory VALUES(323,103,120);
INSERT INTO charactercreator_character_inventory VALUES(324,103,113);
INSERT INTO charactercreator_character_inventory VALUES(325,103,45);
INSERT INTO charactercreator_character_inventory VALUES(326,103,158);
INSERT INTO charactercreator_character_inventory VALUES(327,103,111);
INSERT INTO charactercreator_character_inventory VALUES(328,104,64);
INSERT INTO charactercreator_character_inventory VALUES(329,104,129);
INSERT INTO charactercreator_character_inventory VALUES(330,104,122);
INSERT INTO charactercreator_character_inventory VALUES(331,104,40);
INSERT INTO charactercreator_character_inventory VALUES(332,104,71);
INSERT INTO charactercreator_character_inventory VALUES(333,105,137);
INSERT INTO charactercreator_character_inventory VALUES(334,105,146);
INSERT INTO charactercreator_character_inventory VALUES(335,105,43);
INSERT INTO charactercreator_character_inventory VALUES(336,106,112);
INSERT INTO charactercreator_character_inventory VALUES(337,106,148);
INSERT INTO charactercreator_character_inventory VALUES(338,106,126);
INSERT INTO charactercreator_character_inventory VALUES(339,106,84);
INSERT INTO charactercreator_character_inventory VALUES(340,107,116);
INSERT INTO charactercreator_character_inventory VALUES(341,108,160);
INSERT INTO charactercreator_character_inventory VALUES(342,108,75);
INSERT INTO charactercreator_character_inventory VALUES(343,108,166);
INSERT INTO charactercreator_character_inventory VALUES(344,108,47);
INSERT INTO charactercreator_character_inventory VALUES(345,109,92);
INSERT INTO charactercreator_character_inventory VALUES(346,110,90);
INSERT INTO charactercreator_character_inventory VALUES(347,111,122);
INSERT INTO charactercreator_character_inventory VALUES(348,112,157);
INSERT INTO charactercreator_character_inventory VALUES(349,112,127);
INSERT INTO charactercreator_character_inventory VALUES(350,113,142);
INSERT INTO charactercreator_character_inventory VALUES(351,113,166);
INSERT INTO charactercreator_character_inventory VALUES(352,114,10);
INSERT INTO charactercreator_character_inventory VALUES(353,114,153);
INSERT INTO charactercreator_character_inventory VALUES(354,114,50);
INSERT INTO charactercreator_character_inventory VALUES(355,114,91);
INSERT INTO charactercreator_character_inventory VALUES(356,114,61);
INSERT INTO charactercreator_character_inventory VALUES(357,115,144);
INSERT INTO charactercreator_character_inventory VALUES(358,115,10);
INSERT INTO charactercreator_character_inventory VALUES(359,115,18);
INSERT INTO charactercreator_character_inventory VALUES(360,115,68);
INSERT INTO charactercreator_character_inventory VALUES(361,115,101);
INSERT INTO charactercreator_character_inventory VALUES(362,116,20);
INSERT INTO charactercreator_character_inventory VALUES(363,117,160);
INSERT INTO charactercreator_character_inventory VALUES(364,117,116);
INSERT INTO charactercreator_character_inventory VALUES(365,117,21);
INSERT INTO charactercreator_character_inventory VALUES(366,117,15);
INSERT INTO charactercreator_character_inventory VALUES(367,118,128);
INSERT INTO charactercreator_character_inventory VALUES(368,118,9);
INSERT INTO charactercreator_character_inventory VALUES(369,118,133);
INSERT INTO charactercreator_character_inventory VALUES(370,118,174);
INSERT INTO charactercreator_character_inventory VALUES(371,118,71);
INSERT INTO charactercreator_character_inventory VALUES(372,119,1);
INSERT INTO charactercreator_character_inventory VALUES(373,119,15);
INSERT INTO charactercreator_character_inventory VALUES(374,119,95);
INSERT INTO charactercreator_character_inventory VALUES(375,119,54);
INSERT INTO charactercreator_character_inventory VALUES(376,119,31);
INSERT INTO charactercreator_character_inventory VALUES(377,120,50);
INSERT INTO charactercreator_character_inventory VALUES(378,120,91);
INSERT INTO charactercreator_character_inventory VALUES(379,120,94);
INSERT INTO charactercreator_character_inventory VALUES(380,121,59);
INSERT INTO charactercreator_character_inventory VALUES(381,121,100);
INSERT INTO charactercreator_character_inventory VALUES(382,121,63);
INSERT INTO charactercreator_character_inventory VALUES(383,122,162);
INSERT INTO charactercreator_character_inventory VALUES(384,122,87);
INSERT INTO charactercreator_character_inventory VALUES(385,123,56);
INSERT INTO charactercreator_character_inventory VALUES(386,123,90);
INSERT INTO charactercreator_character_inventory VALUES(387,123,46);
INSERT INTO charactercreator_character_inventory VALUES(388,124,98);
INSERT INTO charactercreator_character_inventory VALUES(389,125,8);
INSERT INTO charactercreator_character_inventory VALUES(390,125,131);
INSERT INTO charactercreator_character_inventory VALUES(391,125,110);
INSERT INTO charactercreator_character_inventory VALUES(392,126,162);
INSERT INTO charactercreator_character_inventory VALUES(393,127,154);
INSERT INTO charactercreator_character_inventory VALUES(394,127,171);
INSERT INTO charactercreator_character_inventory VALUES(395,127,133);
INSERT INTO charactercreator_character_inventory VALUES(396,128,138);
INSERT INTO charactercreator_character_inventory VALUES(397,128,171);
INSERT INTO charactercreator_character_inventory VALUES(398,128,111);
INSERT INTO charactercreator_character_inventory VALUES(399,129,108);
INSERT INTO charactercreator_character_inventory VALUES(400,129,138);
INSERT INTO charactercreator_character_inventory VALUES(401,129,51);
INSERT INTO charactercreator_character_inventory VALUES(402,129,4);
INSERT INTO charactercreator_character_inventory VALUES(403,129,149);
INSERT INTO charactercreator_character_inventory VALUES(404,130,63);
INSERT INTO charactercreator_character_inventory VALUES(405,131,17);
INSERT INTO charactercreator_character_inventory VALUES(406,131,147);
INSERT INTO charactercreator_character_inventory VALUES(407,131,4);
INSERT INTO charactercreator_character_inventory VALUES(408,132,16);
INSERT INTO charactercreator_character_inventory VALUES(409,132,89);
INSERT INTO charactercreator_character_inventory VALUES(410,132,133);
INSERT INTO charactercreator_character_inventory VALUES(411,132,15);
INSERT INTO charactercreator_character_inventory VALUES(412,133,8);
INSERT INTO charactercreator_character_inventory VALUES(413,133,19);
INSERT INTO charactercreator_character_inventory VALUES(414,133,28);
INSERT INTO charactercreator_character_inventory VALUES(415,134,144);
INSERT INTO charactercreator_character_inventory VALUES(416,134,132);
INSERT INTO charactercreator_character_inventory VALUES(417,134,173);
INSERT INTO charactercreator_character_inventory VALUES(418,134,127);
INSERT INTO charactercreator_character_inventory VALUES(419,135,40);
INSERT INTO charactercreator_character_inventory VALUES(420,135,72);
INSERT INTO charactercreator_character_inventory VALUES(421,135,43);
INSERT INTO charactercreator_character_inventory VALUES(422,135,20);
INSERT INTO charactercreator_character_inventory VALUES(423,135,13);
INSERT INTO charactercreator_character_inventory VALUES(424,136,18);
INSERT INTO charactercreator_character_inventory VALUES(425,136,53);
INSERT INTO charactercreator_character_inventory VALUES(426,136,166);
INSERT INTO charactercreator_character_inventory VALUES(427,136,87);
INSERT INTO charactercreator_character_inventory VALUES(428,137,101);
INSERT INTO charactercreator_character_inventory VALUES(429,137,53);
INSERT INTO charactercreator_character_inventory VALUES(430,137,55);
INSERT INTO charactercreator_character_inventory VALUES(431,138,65);
INSERT INTO charactercreator_character_inventory VALUES(432,138,69);
INSERT INTO charactercreator_character_inventory VALUES(433,138,133);
INSERT INTO charactercreator_character_inventory VALUES(434,139,174);
INSERT INTO charactercreator_character_inventory VALUES(435,139,116);
INSERT INTO charactercreator_character_inventory VALUES(436,139,109);
INSERT INTO charactercreator_character_inventory VALUES(437,139,54);
INSERT INTO charactercreator_character_inventory VALUES(438,139,23);
INSERT INTO charactercreator_character_inventory VALUES(439,140,42);
INSERT INTO charactercreator_character_inventory VALUES(440,140,103);
INSERT INTO charactercreator_character_inventory VALUES(441,140,7);
INSERT INTO charactercreator_character_inventory VALUES(442,141,171);
INSERT INTO charactercreator_character_inventory VALUES(443,142,51);
INSERT INTO charactercreator_character_inventory VALUES(444,142,50);
INSERT INTO charactercreator_character_inventory VALUES(445,142,155);
INSERT INTO charactercreator_character_inventory VALUES(446,142,173);
INSERT INTO charactercreator_character_inventory VALUES(447,142,174);
INSERT INTO charactercreator_character_inventory VALUES(448,143,152);
INSERT INTO charactercreator_character_inventory VALUES(449,143,55);
INSERT INTO charactercreator_character_inventory VALUES(450,144,117);
INSERT INTO charactercreator_character_inventory VALUES(451,145,25);
INSERT INTO charactercreator_character_inventory VALUES(452,145,26);
INSERT INTO charactercreator_character_inventory VALUES(453,145,163);
INSERT INTO charactercreator_character_inventory VALUES(454,145,116);
INSERT INTO charactercreator_character_inventory VALUES(455,146,56);
INSERT INTO charactercreator_character_inventory VALUES(456,146,18);
INSERT INTO charactercreator_character_inventory VALUES(457,146,26);
INSERT INTO charactercreator_character_inventory VALUES(458,146,106);
INSERT INTO charactercreator_character_inventory VALUES(459,147,163);
INSERT INTO charactercreator_character_inventory VALUES(460,148,26);
INSERT INTO charactercreator_character_inventory VALUES(461,148,130);
INSERT INTO charactercreator_character_inventory VALUES(462,148,147);
INSERT INTO charactercreator_character_inventory VALUES(463,148,62);
INSERT INTO charactercreator_character_inventory VALUES(464,149,128);
INSERT INTO charactercreator_character_inventory VALUES(465,149,121);
INSERT INTO charactercreator_character_inventory VALUES(466,149,142);
INSERT INTO charactercreator_character_inventory VALUES(467,150,97);
INSERT INTO charactercreator_character_inventory VALUES(468,150,134);
INSERT INTO charactercreator_character_inventory VALUES(469,150,31);
INSERT INTO charactercreator_character_inventory VALUES(470,151,57);
INSERT INTO charactercreator_character_inventory VALUES(471,151,153);
INSERT INTO charactercreator_character_inventory VALUES(472,151,87);
INSERT INTO charactercreator_character_inventory VALUES(473,152,106);
INSERT INTO charactercreator_character_inventory VALUES(474,152,5);
INSERT INTO charactercreator_character_inventory VALUES(475,152,158);
INSERT INTO charactercreator_character_inventory VALUES(476,153,160);
INSERT INTO charactercreator_character_inventory VALUES(477,153,122);
INSERT INTO charactercreator_character_inventory VALUES(478,153,20);
INSERT INTO charactercreator_character_inventory VALUES(479,153,54);
INSERT INTO charactercreator_character_inventory VALUES(480,154,1);
INSERT INTO charactercreator_character_inventory VALUES(481,154,27);
INSERT INTO charactercreator_character_inventory VALUES(482,154,69);
INSERT INTO charactercreator_character_inventory VALUES(483,155,122);
INSERT INTO charactercreator_character_inventory VALUES(484,155,90);
INSERT INTO charactercreator_character_inventory VALUES(485,155,79);
INSERT INTO charactercreator_character_inventory VALUES(486,155,15);
INSERT INTO charactercreator_character_inventory VALUES(487,156,120);
INSERT INTO charactercreator_character_inventory VALUES(488,156,162);
INSERT INTO charactercreator_character_inventory VALUES(489,156,130);
INSERT INTO charactercreator_character_inventory VALUES(490,156,29);
INSERT INTO charactercreator_character_inventory VALUES(491,156,102);
INSERT INTO charactercreator_character_inventory VALUES(492,157,110);
INSERT INTO charactercreator_character_inventory VALUES(493,158,71);
INSERT INTO charactercreator_character_inventory VALUES(494,159,40);
INSERT INTO charactercreator_character_inventory VALUES(495,159,115);
INSERT INTO charactercreator_character_inventory VALUES(496,159,86);
INSERT INTO charactercreator_character_inventory VALUES(497,160,65);
INSERT INTO charactercreator_character_inventory VALUES(498,160,53);
INSERT INTO charactercreator_character_inventory VALUES(499,160,109);
INSERT INTO charactercreator_character_inventory VALUES(500,160,174);
INSERT INTO charactercreator_character_inventory VALUES(501,160,78);
INSERT INTO charactercreator_character_inventory VALUES(502,161,83);
INSERT INTO charactercreator_character_inventory VALUES(503,161,115);
INSERT INTO charactercreator_character_inventory VALUES(504,162,136);
INSERT INTO charactercreator_character_inventory VALUES(505,162,66);
INSERT INTO charactercreator_character_inventory VALUES(506,163,65);
INSERT INTO charactercreator_character_inventory VALUES(507,163,50);
INSERT INTO charactercreator_character_inventory VALUES(508,163,21);
INSERT INTO charactercreator_character_inventory VALUES(509,164,174);
INSERT INTO charactercreator_character_inventory VALUES(510,165,121);
INSERT INTO charactercreator_character_inventory VALUES(511,165,67);
INSERT INTO charactercreator_character_inventory VALUES(512,165,157);
INSERT INTO charactercreator_character_inventory VALUES(513,165,14);
INSERT INTO charactercreator_character_inventory VALUES(514,165,149);
INSERT INTO charactercreator_character_inventory VALUES(515,166,41);
INSERT INTO charactercreator_character_inventory VALUES(516,166,126);
INSERT INTO charactercreator_character_inventory VALUES(517,166,173);
INSERT INTO charactercreator_character_inventory VALUES(518,166,94);
INSERT INTO charactercreator_character_inventory VALUES(519,167,75);
INSERT INTO charactercreator_character_inventory VALUES(520,167,53);
INSERT INTO charactercreator_character_inventory VALUES(521,168,149);
INSERT INTO charactercreator_character_inventory VALUES(522,169,143);
INSERT INTO charactercreator_character_inventory VALUES(523,170,145);
INSERT INTO charactercreator_character_inventory VALUES(524,170,67);
INSERT INTO charactercreator_character_inventory VALUES(525,170,171);
INSERT INTO charactercreator_character_inventory VALUES(526,170,94);
INSERT INTO charactercreator_character_inventory VALUES(527,171,27);
INSERT INTO charactercreator_character_inventory VALUES(528,171,83);
INSERT INTO charactercreator_character_inventory VALUES(529,171,147);
INSERT INTO charactercreator_character_inventory VALUES(530,171,98);
INSERT INTO charactercreator_character_inventory VALUES(531,172,102);
INSERT INTO charactercreator_character_inventory VALUES(532,172,54);
INSERT INTO charactercreator_character_inventory VALUES(533,173,89);
INSERT INTO charactercreator_character_inventory VALUES(534,173,110);
INSERT INTO charactercreator_character_inventory VALUES(535,174,56);
INSERT INTO charactercreator_character_inventory VALUES(536,174,46);
INSERT INTO charactercreator_character_inventory VALUES(537,175,169);
INSERT INTO charactercreator_character_inventory VALUES(538,175,67);
INSERT INTO charactercreator_character_inventory VALUES(539,175,55);
INSERT INTO charactercreator_character_inventory VALUES(540,176,162);
INSERT INTO charactercreator_character_inventory VALUES(541,176,43);
INSERT INTO charactercreator_character_inventory VALUES(542,176,119);
INSERT INTO charactercreator_character_inventory VALUES(543,177,136);
INSERT INTO charactercreator_character_inventory VALUES(544,177,3);
INSERT INTO charactercreator_character_inventory VALUES(545,178,160);
INSERT INTO charactercreator_character_inventory VALUES(546,178,95);
INSERT INTO charactercreator_character_inventory VALUES(547,179,5);
INSERT INTO charactercreator_character_inventory VALUES(548,179,71);
INSERT INTO charactercreator_character_inventory VALUES(549,180,89);
INSERT INTO charactercreator_character_inventory VALUES(550,181,64);
INSERT INTO charactercreator_character_inventory VALUES(551,181,107);
INSERT INTO charactercreator_character_inventory VALUES(552,181,99);
INSERT INTO charactercreator_character_inventory VALUES(553,181,164);
INSERT INTO charactercreator_character_inventory VALUES(554,181,7);
INSERT INTO charactercreator_character_inventory VALUES(555,182,41);
INSERT INTO charactercreator_character_inventory VALUES(556,183,144);
INSERT INTO charactercreator_character_inventory VALUES(557,183,91);
INSERT INTO charactercreator_character_inventory VALUES(558,183,147);
INSERT INTO charactercreator_character_inventory VALUES(559,183,6);
INSERT INTO charactercreator_character_inventory VALUES(560,184,32);
INSERT INTO charactercreator_character_inventory VALUES(561,184,169);
INSERT INTO charactercreator_character_inventory VALUES(562,184,98);
INSERT INTO charactercreator_character_inventory VALUES(563,184,112);
INSERT INTO charactercreator_character_inventory VALUES(564,185,106);
INSERT INTO charactercreator_character_inventory VALUES(565,185,139);
INSERT INTO charactercreator_character_inventory VALUES(566,185,50);
INSERT INTO charactercreator_character_inventory VALUES(567,185,103);
INSERT INTO charactercreator_character_inventory VALUES(568,186,140);
INSERT INTO charactercreator_character_inventory VALUES(569,186,109);
INSERT INTO charactercreator_character_inventory VALUES(570,187,133);
INSERT INTO charactercreator_character_inventory VALUES(571,188,19);
INSERT INTO charactercreator_character_inventory VALUES(572,188,51);
INSERT INTO charactercreator_character_inventory VALUES(573,189,27);
INSERT INTO charactercreator_character_inventory VALUES(574,190,66);
INSERT INTO charactercreator_character_inventory VALUES(575,190,13);
INSERT INTO charactercreator_character_inventory VALUES(576,190,30);
INSERT INTO charactercreator_character_inventory VALUES(577,190,135);
INSERT INTO charactercreator_character_inventory VALUES(578,191,147);
INSERT INTO charactercreator_character_inventory VALUES(579,191,37);
INSERT INTO charactercreator_character_inventory VALUES(580,191,133);
INSERT INTO charactercreator_character_inventory VALUES(581,192,170);
INSERT INTO charactercreator_character_inventory VALUES(582,192,166);
INSERT INTO charactercreator_character_inventory VALUES(583,193,56);
INSERT INTO charactercreator_character_inventory VALUES(584,193,58);
INSERT INTO charactercreator_character_inventory VALUES(585,193,28);
INSERT INTO charactercreator_character_inventory VALUES(586,193,173);
INSERT INTO charactercreator_character_inventory VALUES(587,194,153);
INSERT INTO charactercreator_character_inventory VALUES(588,194,13);
INSERT INTO charactercreator_character_inventory VALUES(589,194,131);
INSERT INTO charactercreator_character_inventory VALUES(590,194,34);
INSERT INTO charactercreator_character_inventory VALUES(591,194,165);
INSERT INTO charactercreator_character_inventory VALUES(592,195,22);
INSERT INTO charactercreator_character_inventory VALUES(593,196,136);
INSERT INTO charactercreator_character_inventory VALUES(594,196,18);
INSERT INTO charactercreator_character_inventory VALUES(595,196,84);
INSERT INTO charactercreator_character_inventory VALUES(596,196,167);
INSERT INTO charactercreator_character_inventory VALUES(597,197,25);
INSERT INTO charactercreator_character_inventory VALUES(598,197,130);
INSERT INTO charactercreator_character_inventory VALUES(599,197,132);
INSERT INTO charactercreator_character_inventory VALUES(600,197,125);
INSERT INTO charactercreator_character_inventory VALUES(601,197,111);
INSERT INTO charactercreator_character_inventory VALUES(602,198,168);
INSERT INTO charactercreator_character_inventory VALUES(603,198,99);
INSERT INTO charactercreator_character_inventory VALUES(604,198,60);
INSERT INTO charactercreator_character_inventory VALUES(605,198,61);
INSERT INTO charactercreator_character_inventory VALUES(606,198,95);
INSERT INTO charactercreator_character_inventory VALUES(607,199,170);
INSERT INTO charactercreator_character_inventory VALUES(608,199,164);
INSERT INTO charactercreator_character_inventory VALUES(609,199,174);
INSERT INTO charactercreator_character_inventory VALUES(610,200,75);
INSERT INTO charactercreator_character_inventory VALUES(611,201,81);
INSERT INTO charactercreator_character_inventory VALUES(612,201,9);
INSERT INTO charactercreator_character_inventory VALUES(613,201,10);
INSERT INTO charactercreator_character_inventory VALUES(614,201,53);
INSERT INTO charactercreator_character_inventory VALUES(615,201,38);
INSERT INTO charactercreator_character_inventory VALUES(616,202,123);
INSERT INTO charactercreator_character_inventory VALUES(617,203,32);
INSERT INTO charactercreator_character_inventory VALUES(618,204,48);
INSERT INTO charactercreator_character_inventory VALUES(619,205,116);
INSERT INTO charactercreator_character_inventory VALUES(620,205,63);
INSERT INTO charactercreator_character_inventory VALUES(621,206,97);
INSERT INTO charactercreator_character_inventory VALUES(622,206,172);
INSERT INTO charactercreator_character_inventory VALUES(623,206,115);
INSERT INTO charactercreator_character_inventory VALUES(624,206,140);
INSERT INTO charactercreator_character_inventory VALUES(625,206,45);
INSERT INTO charactercreator_character_inventory VALUES(626,207,71);
INSERT INTO charactercreator_character_inventory VALUES(627,208,25);
INSERT INTO charactercreator_character_inventory VALUES(628,208,7);
INSERT INTO charactercreator_character_inventory VALUES(629,209,107);
INSERT INTO charactercreator_character_inventory VALUES(630,210,27);
INSERT INTO charactercreator_character_inventory VALUES(631,210,139);
INSERT INTO charactercreator_character_inventory VALUES(632,210,102);
INSERT INTO charactercreator_character_inventory VALUES(633,211,53);
INSERT INTO charactercreator_character_inventory VALUES(634,212,83);
INSERT INTO charactercreator_character_inventory VALUES(635,212,163);
INSERT INTO charactercreator_character_inventory VALUES(636,213,116);
INSERT INTO charactercreator_character_inventory VALUES(637,213,38);
INSERT INTO charactercreator_character_inventory VALUES(638,214,135);
INSERT INTO charactercreator_character_inventory VALUES(639,215,68);
INSERT INTO charactercreator_character_inventory VALUES(640,216,123);
INSERT INTO charactercreator_character_inventory VALUES(641,216,147);
INSERT INTO charactercreator_character_inventory VALUES(642,216,134);
INSERT INTO charactercreator_character_inventory VALUES(643,217,73);
INSERT INTO charactercreator_character_inventory VALUES(644,217,145);
INSERT INTO charactercreator_character_inventory VALUES(645,217,91);
INSERT INTO charactercreator_character_inventory VALUES(646,218,168);
INSERT INTO charactercreator_character_inventory VALUES(647,218,4);
INSERT INTO charactercreator_character_inventory VALUES(648,219,71);
INSERT INTO charactercreator_character_inventory VALUES(649,220,104);
INSERT INTO charactercreator_character_inventory VALUES(650,220,9);
INSERT INTO charactercreator_character_inventory VALUES(651,220,43);
INSERT INTO charactercreator_character_inventory VALUES(652,220,97);
INSERT INTO charactercreator_character_inventory VALUES(653,221,33);
INSERT INTO charactercreator_character_inventory VALUES(654,221,68);
INSERT INTO charactercreator_character_inventory VALUES(655,221,118);
INSERT INTO charactercreator_character_inventory VALUES(656,221,71);
INSERT INTO charactercreator_character_inventory VALUES(657,222,164);
INSERT INTO charactercreator_character_inventory VALUES(658,222,53);
INSERT INTO charactercreator_character_inventory VALUES(659,223,91);
INSERT INTO charactercreator_character_inventory VALUES(660,223,163);
INSERT INTO charactercreator_character_inventory VALUES(661,224,142);
INSERT INTO charactercreator_character_inventory VALUES(662,225,26);
INSERT INTO charactercreator_character_inventory VALUES(663,225,164);
INSERT INTO charactercreator_character_inventory VALUES(664,225,78);
INSERT INTO charactercreator_character_inventory VALUES(665,226,4);
INSERT INTO charactercreator_character_inventory VALUES(666,226,15);
INSERT INTO charactercreator_character_inventory VALUES(667,227,154);
INSERT INTO charactercreator_character_inventory VALUES(668,227,148);
INSERT INTO charactercreator_character_inventory VALUES(669,227,142);
INSERT INTO charactercreator_character_inventory VALUES(670,227,103);
INSERT INTO charactercreator_character_inventory VALUES(671,228,124);
INSERT INTO charactercreator_character_inventory VALUES(672,228,38);
INSERT INTO charactercreator_character_inventory VALUES(673,229,69);
INSERT INTO charactercreator_character_inventory VALUES(674,229,54);
INSERT INTO charactercreator_character_inventory VALUES(675,229,159);
INSERT INTO charactercreator_character_inventory VALUES(676,230,39);
INSERT INTO charactercreator_character_inventory VALUES(677,231,16);
INSERT INTO charactercreator_character_inventory VALUES(678,231,1);
INSERT INTO charactercreator_character_inventory VALUES(679,231,38);
INSERT INTO charactercreator_character_inventory VALUES(680,232,56);
INSERT INTO charactercreator_character_inventory VALUES(681,232,25);
INSERT INTO charactercreator_character_inventory VALUES(682,232,48);
INSERT INTO charactercreator_character_inventory VALUES(683,232,66);
INSERT INTO charactercreator_character_inventory VALUES(684,233,153);
INSERT INTO charactercreator_character_inventory VALUES(685,233,3);
INSERT INTO charactercreator_character_inventory VALUES(686,233,60);
INSERT INTO charactercreator_character_inventory VALUES(687,233,37);
INSERT INTO charactercreator_character_inventory VALUES(688,233,55);
INSERT INTO charactercreator_character_inventory VALUES(689,234,11);
INSERT INTO charactercreator_character_inventory VALUES(690,235,64);
INSERT INTO charactercreator_character_inventory VALUES(691,235,105);
INSERT INTO charactercreator_character_inventory VALUES(692,235,28);
INSERT INTO charactercreator_character_inventory VALUES(693,235,36);
INSERT INTO charactercreator_character_inventory VALUES(694,235,53);
INSERT INTO charactercreator_character_inventory VALUES(695,236,96);
INSERT INTO charactercreator_character_inventory VALUES(696,237,39);
INSERT INTO charactercreator_character_inventory VALUES(697,238,129);
INSERT INTO charactercreator_character_inventory VALUES(698,238,18);
INSERT INTO charactercreator_character_inventory VALUES(699,238,173);
INSERT INTO charactercreator_character_inventory VALUES(700,238,142);
INSERT INTO charactercreator_character_inventory VALUES(701,238,30);
INSERT INTO charactercreator_character_inventory VALUES(702,239,88);
INSERT INTO charactercreator_character_inventory VALUES(703,239,171);
INSERT INTO charactercreator_character_inventory VALUES(704,239,117);
INSERT INTO charactercreator_character_inventory VALUES(705,240,136);
INSERT INTO charactercreator_character_inventory VALUES(706,240,25);
INSERT INTO charactercreator_character_inventory VALUES(707,240,81);
INSERT INTO charactercreator_character_inventory VALUES(708,241,169);
INSERT INTO charactercreator_character_inventory VALUES(709,241,148);
INSERT INTO charactercreator_character_inventory VALUES(710,241,68);
INSERT INTO charactercreator_character_inventory VALUES(711,242,146);
INSERT INTO charactercreator_character_inventory VALUES(712,243,24);
INSERT INTO charactercreator_character_inventory VALUES(713,243,153);
INSERT INTO charactercreator_character_inventory VALUES(714,243,5);
INSERT INTO charactercreator_character_inventory VALUES(715,244,146);
INSERT INTO charactercreator_character_inventory VALUES(716,244,10);
INSERT INTO charactercreator_character_inventory VALUES(717,244,30);
INSERT INTO charactercreator_character_inventory VALUES(718,244,55);
INSERT INTO charactercreator_character_inventory VALUES(719,245,123);
INSERT INTO charactercreator_character_inventory VALUES(720,245,81);
INSERT INTO charactercreator_character_inventory VALUES(721,245,163);
INSERT INTO charactercreator_character_inventory VALUES(722,245,148);
INSERT INTO charactercreator_character_inventory VALUES(723,245,37);
INSERT INTO charactercreator_character_inventory VALUES(724,246,81);
INSERT INTO charactercreator_character_inventory VALUES(725,246,129);
INSERT INTO charactercreator_character_inventory VALUES(726,246,37);
INSERT INTO charactercreator_character_inventory VALUES(727,247,105);
INSERT INTO charactercreator_character_inventory VALUES(728,247,137);
INSERT INTO charactercreator_character_inventory VALUES(729,247,108);
INSERT INTO charactercreator_character_inventory VALUES(730,247,148);
INSERT INTO charactercreator_character_inventory VALUES(731,247,151);
INSERT INTO charactercreator_character_inventory VALUES(732,248,20);
INSERT INTO charactercreator_character_inventory VALUES(733,249,25);
INSERT INTO charactercreator_character_inventory VALUES(734,249,76);
INSERT INTO charactercreator_character_inventory VALUES(735,249,53);
INSERT INTO charactercreator_character_inventory VALUES(736,249,87);
INSERT INTO charactercreator_character_inventory VALUES(737,250,62);
INSERT INTO charactercreator_character_inventory VALUES(738,250,155);
INSERT INTO charactercreator_character_inventory VALUES(739,250,4);
INSERT INTO charactercreator_character_inventory VALUES(740,250,150);
INSERT INTO charactercreator_character_inventory VALUES(741,251,112);
INSERT INTO charactercreator_character_inventory VALUES(742,251,17);
INSERT INTO charactercreator_character_inventory VALUES(743,251,162);
INSERT INTO charactercreator_character_inventory VALUES(744,251,109);
INSERT INTO charactercreator_character_inventory VALUES(745,251,63);
INSERT INTO charactercreator_character_inventory VALUES(746,252,169);
INSERT INTO charactercreator_character_inventory VALUES(747,252,6);
INSERT INTO charactercreator_character_inventory VALUES(748,253,140);
INSERT INTO charactercreator_character_inventory VALUES(749,253,13);
INSERT INTO charactercreator_character_inventory VALUES(750,254,158);
INSERT INTO charactercreator_character_inventory VALUES(751,255,48);
INSERT INTO charactercreator_character_inventory VALUES(752,255,79);
INSERT INTO charactercreator_character_inventory VALUES(753,256,165);
INSERT INTO charactercreator_character_inventory VALUES(754,256,173);
INSERT INTO charactercreator_character_inventory VALUES(755,257,123);
INSERT INTO charactercreator_character_inventory VALUES(756,257,149);
INSERT INTO charactercreator_character_inventory VALUES(757,257,54);
INSERT INTO charactercreator_character_inventory VALUES(758,258,36);
INSERT INTO charactercreator_character_inventory VALUES(759,258,12);
INSERT INTO charactercreator_character_inventory VALUES(760,258,70);
INSERT INTO charactercreator_character_inventory VALUES(761,258,119);
INSERT INTO charactercreator_character_inventory VALUES(762,259,40);
INSERT INTO charactercreator_character_inventory VALUES(763,259,89);
INSERT INTO charactercreator_character_inventory VALUES(764,259,27);
INSERT INTO charactercreator_character_inventory VALUES(765,259,60);
INSERT INTO charactercreator_character_inventory VALUES(766,259,86);
INSERT INTO charactercreator_character_inventory VALUES(767,260,97);
INSERT INTO charactercreator_character_inventory VALUES(768,260,50);
INSERT INTO charactercreator_character_inventory VALUES(769,260,115);
INSERT INTO charactercreator_character_inventory VALUES(770,260,68);
INSERT INTO charactercreator_character_inventory VALUES(771,261,169);
INSERT INTO charactercreator_character_inventory VALUES(772,261,34);
INSERT INTO charactercreator_character_inventory VALUES(773,261,101);
INSERT INTO charactercreator_character_inventory VALUES(774,261,174);
INSERT INTO charactercreator_character_inventory VALUES(775,261,7);
INSERT INTO charactercreator_character_inventory VALUES(776,262,8);
INSERT INTO charactercreator_character_inventory VALUES(777,262,161);
INSERT INTO charactercreator_character_inventory VALUES(778,262,51);
INSERT INTO charactercreator_character_inventory VALUES(779,262,60);
INSERT INTO charactercreator_character_inventory VALUES(780,263,146);
INSERT INTO charactercreator_character_inventory VALUES(781,263,132);
INSERT INTO charactercreator_character_inventory VALUES(782,263,13);
INSERT INTO charactercreator_character_inventory VALUES(783,263,30);
INSERT INTO charactercreator_character_inventory VALUES(784,264,145);
INSERT INTO charactercreator_character_inventory VALUES(785,264,106);
INSERT INTO charactercreator_character_inventory VALUES(786,264,26);
INSERT INTO charactercreator_character_inventory VALUES(787,264,134);
INSERT INTO charactercreator_character_inventory VALUES(788,264,111);
INSERT INTO charactercreator_character_inventory VALUES(789,265,155);
INSERT INTO charactercreator_character_inventory VALUES(790,265,116);
INSERT INTO charactercreator_character_inventory VALUES(791,265,117);
INSERT INTO charactercreator_character_inventory VALUES(792,266,89);
INSERT INTO charactercreator_character_inventory VALUES(793,266,82);
INSERT INTO charactercreator_character_inventory VALUES(794,266,11);
INSERT INTO charactercreator_character_inventory VALUES(795,266,85);
INSERT INTO charactercreator_character_inventory VALUES(796,266,66);
INSERT INTO charactercreator_character_inventory VALUES(797,267,86);
INSERT INTO charactercreator_character_inventory VALUES(798,267,150);
INSERT INTO charactercreator_character_inventory VALUES(799,267,14);
INSERT INTO charactercreator_character_inventory VALUES(800,267,47);
INSERT INTO charactercreator_character_inventory VALUES(801,268,68);
INSERT INTO charactercreator_character_inventory VALUES(802,269,81);
INSERT INTO charactercreator_character_inventory VALUES(803,270,12);
INSERT INTO charactercreator_character_inventory VALUES(804,271,161);
INSERT INTO charactercreator_character_inventory VALUES(805,271,68);
INSERT INTO charactercreator_character_inventory VALUES(806,272,106);
INSERT INTO charactercreator_character_inventory VALUES(807,272,37);
INSERT INTO charactercreator_character_inventory VALUES(808,273,121);
INSERT INTO charactercreator_character_inventory VALUES(809,273,82);
INSERT INTO charactercreator_character_inventory VALUES(810,273,43);
INSERT INTO charactercreator_character_inventory VALUES(811,274,97);
INSERT INTO charactercreator_character_inventory VALUES(812,274,98);
INSERT INTO charactercreator_character_inventory VALUES(813,274,84);
INSERT INTO charactercreator_character_inventory VALUES(814,275,8);
INSERT INTO charactercreator_character_inventory VALUES(815,275,147);
INSERT INTO charactercreator_character_inventory VALUES(816,276,101);
INSERT INTO charactercreator_character_inventory VALUES(817,277,23);
INSERT INTO charactercreator_character_inventory VALUES(818,278,99);
INSERT INTO charactercreator_character_inventory VALUES(819,279,34);
INSERT INTO charactercreator_character_inventory VALUES(820,279,156);
INSERT INTO charactercreator_character_inventory VALUES(821,280,73);
INSERT INTO charactercreator_character_inventory VALUES(822,280,137);
INSERT INTO charactercreator_character_inventory VALUES(823,280,169);
INSERT INTO charactercreator_character_inventory VALUES(824,280,156);
INSERT INTO charactercreator_character_inventory VALUES(825,280,87);
INSERT INTO charactercreator_character_inventory VALUES(826,281,136);
INSERT INTO charactercreator_character_inventory VALUES(827,281,27);
INSERT INTO charactercreator_character_inventory VALUES(828,281,19);
INSERT INTO charactercreator_character_inventory VALUES(829,281,76);
INSERT INTO charactercreator_character_inventory VALUES(830,281,174);
INSERT INTO charactercreator_character_inventory VALUES(831,282,16);
INSERT INTO charactercreator_character_inventory VALUES(832,282,161);
INSERT INTO charactercreator_character_inventory VALUES(833,282,131);
INSERT INTO charactercreator_character_inventory VALUES(834,282,77);
INSERT INTO charactercreator_character_inventory VALUES(835,283,96);
INSERT INTO charactercreator_character_inventory VALUES(836,283,29);
INSERT INTO charactercreator_character_inventory VALUES(837,283,165);
INSERT INTO charactercreator_character_inventory VALUES(838,283,106);
INSERT INTO charactercreator_character_inventory VALUES(839,284,55);
INSERT INTO charactercreator_character_inventory VALUES(840,285,3);
INSERT INTO charactercreator_character_inventory VALUES(841,285,137);
INSERT INTO charactercreator_character_inventory VALUES(842,285,171);
INSERT INTO charactercreator_character_inventory VALUES(843,285,116);
INSERT INTO charactercreator_character_inventory VALUES(844,285,113);
INSERT INTO charactercreator_character_inventory VALUES(845,286,32);
INSERT INTO charactercreator_character_inventory VALUES(846,287,32);
INSERT INTO charactercreator_character_inventory VALUES(847,287,156);
INSERT INTO charactercreator_character_inventory VALUES(848,287,130);
INSERT INTO charactercreator_character_inventory VALUES(849,287,92);
INSERT INTO charactercreator_character_inventory VALUES(850,287,118);
INSERT INTO charactercreator_character_inventory VALUES(851,288,41);
INSERT INTO charactercreator_character_inventory VALUES(852,288,37);
INSERT INTO charactercreator_character_inventory VALUES(853,288,134);
INSERT INTO charactercreator_character_inventory VALUES(854,289,104);
INSERT INTO charactercreator_character_inventory VALUES(855,289,81);
INSERT INTO charactercreator_character_inventory VALUES(856,289,56);
INSERT INTO charactercreator_character_inventory VALUES(857,289,52);
INSERT INTO charactercreator_character_inventory VALUES(858,289,132);
INSERT INTO charactercreator_character_inventory VALUES(859,290,96);
INSERT INTO charactercreator_character_inventory VALUES(860,290,107);
INSERT INTO charactercreator_character_inventory VALUES(861,290,115);
INSERT INTO charactercreator_character_inventory VALUES(862,290,131);
INSERT INTO charactercreator_character_inventory VALUES(863,290,141);
INSERT INTO charactercreator_character_inventory VALUES(864,291,74);
INSERT INTO charactercreator_character_inventory VALUES(865,291,10);
INSERT INTO charactercreator_character_inventory VALUES(866,291,37);
INSERT INTO charactercreator_character_inventory VALUES(867,291,79);
INSERT INTO charactercreator_character_inventory VALUES(868,292,128);
INSERT INTO charactercreator_character_inventory VALUES(869,292,150);
INSERT INTO charactercreator_character_inventory VALUES(870,293,112);
INSERT INTO charactercreator_character_inventory VALUES(871,293,158);
INSERT INTO charactercreator_character_inventory VALUES(872,294,49);
INSERT INTO charactercreator_character_inventory VALUES(873,294,164);
INSERT INTO charactercreator_character_inventory VALUES(874,294,156);
INSERT INTO charactercreator_character_inventory VALUES(875,294,66);
INSERT INTO charactercreator_character_inventory VALUES(876,294,102);
INSERT INTO charactercreator_character_inventory VALUES(877,295,113);
INSERT INTO charactercreator_character_inventory VALUES(878,295,167);
INSERT INTO charactercreator_character_inventory VALUES(879,296,169);
INSERT INTO charactercreator_character_inventory VALUES(880,296,90);
INSERT INTO charactercreator_character_inventory VALUES(881,296,12);
INSERT INTO charactercreator_character_inventory VALUES(882,297,88);
INSERT INTO charactercreator_character_inventory VALUES(883,297,74);
INSERT INTO charactercreator_character_inventory VALUES(884,297,70);
INSERT INTO charactercreator_character_inventory VALUES(885,297,31);
INSERT INTO charactercreator_character_inventory VALUES(886,298,29);
INSERT INTO charactercreator_character_inventory VALUES(887,298,15);
INSERT INTO charactercreator_character_inventory VALUES(888,299,19);
INSERT INTO charactercreator_character_inventory VALUES(889,299,67);
INSERT INTO charactercreator_character_inventory VALUES(890,299,109);
INSERT INTO charactercreator_character_inventory VALUES(891,300,119);
INSERT INTO charactercreator_character_inventory VALUES(892,301,52);
INSERT INTO charactercreator_character_inventory VALUES(893,301,150);
INSERT INTO charactercreator_character_inventory VALUES(894,302,21);
INSERT INTO charactercreator_character_inventory VALUES(895,302,106);
INSERT INTO charactercreator_character_inventory VALUES(896,302,51);
INSERT INTO charactercreator_character_inventory VALUES(897,302,28);
INSERT INTO charactercreator_character_inventory VALUES(898,302,141);
CREATE TABLE IF NOT EXISTS "charactercreator_necromancer" ("mage_ptr_id" integer NOT NULL PRIMARY KEY REFERENCES "charactercreator_mage" ("character_ptr_id") DEFERRABLE INITIALLY DEFERRED, "talisman_charged" bool NOT NULL);
INSERT INTO charactercreator_necromancer VALUES(292,1);
INSERT INTO charactercreator_necromancer VALUES(293,1);
INSERT INTO charactercreator_necromancer VALUES(294,1);
INSERT INTO charactercreator_necromancer VALUES(295,1);
INSERT INTO charactercreator_necromancer VALUES(296,1);
INSERT INTO charactercreator_necromancer VALUES(297,1);
INSERT INTO charactercreator_necromancer VALUES(298,1);
INSERT INTO charactercreator_necromancer VALUES(299,1);
INSERT INTO charactercreator_necromancer VALUES(300,1);
INSERT INTO charactercreator_necromancer VALUES(301,1);
INSERT INTO charactercreator_necromancer VALUES(302,1);
CREATE TABLE IF NOT EXISTS "django_session" ("session_key" varchar(40) NOT NULL PRIMARY KEY, "session_data" text NOT NULL, "expire_date" datetime NOT NULL);
CREATE TABLE IF NOT EXISTS "charactercreator_character" ("character_id" SERIAL NOT NULL PRIMARY KEY, "name" varchar(30) NOT NULL, "level" integer NOT NULL, "exp" integer NOT NULL, "hp" integer NOT NULL, "strength" integer NOT NULL, "intelligence" integer NOT NULL, "dexterity" integer NOT NULL, "wisdom" integer NOT NULL);
INSERT INTO charactercreator_character VALUES(1,'Aliquid iste optio reiciendi',0,0,10,1,1,1,1);
INSERT INTO charactercreator_character VALUES(2,'Optio dolorem ex a',0,0,10,1,1,1,1);
INSERT INTO charactercreator_character VALUES(3,'Minus c',0,0,10,1,1,1,1);
INSERT INTO charactercreator_character VALUES(4,'Sit ut repr',0,0,10,1,1,1,1);
INSERT INTO charactercreator_character VALUES(5,'At id recusandae expl',0,0,10,1,1,1,1);
INSERT INTO charactercreator_character VALUES(6,'Non nobis et of',0,0,10,1,1,1,1);
INSERT INTO charactercreator_character VALUES(7,'Perferendis',0,0,10,1,1,1,1);
INSERT INTO charactercreator_character VALUES(8,'Accusantium amet quidem eve',0,0,10,1,1,1,1);
INSERT INTO charactercreator_character VALUES(9,'Sed nostrum inventore error m',0,0,10,1,1,1,1);
INSERT INTO charactercreator_character VALUES(10,'Harum repellendus omnis od',0,0,10,1,1,1,1);
INSERT INTO charactercreator_character VALUES(11,'Itaque ut commodi,',0,0,10,1,1,1,1);
INSERT INTO charactercreator_character VALUES(12,'Molestiae quis',0,0,10,1,1,1,1);
INSERT INTO charactercreator_character VALUES(13,'Ali',0,0,10,1,1,1,1);
INSERT INTO charactercreator_character VALUES(14,'Tempora quod optio possimus il',0,0,10,1,1,1,1);
INSERT INTO charactercreator_character VALUES(15,'Sed itaque beatae pari',0,0,10,1,1,1,1);
INSERT INTO charactercreator_character VALUES(16,'Quam dolor',0,0,10,1,1,1,1);
INSERT INTO charactercreator_character VALUES(17,'Molestias expedita',0,0,10,1,1,1,1);
INSERT INTO charactercreator_character VALUES(18,'Lauda',0,0,10,1,1,1,1);
INSERT INTO charactercreator_character VALUES(19,'Incidunt sint perferen',0,0,10,1,1,1,1);
INSERT INTO charactercreator_character VALUES(20,'Laboriosa',0,0,10,1,1,1,1);
INSERT INTO charactercreator_character VALUES(21,'Dolore esse nesciunt fugit com',0,0,10,1,1,1,1);
INSERT INTO charactercreator_character VALUES(22,'Dolorum nam reic',0,0,10,1,1,1,1);
INSERT INTO charactercreator_character VALUES(23,'Repellat ad numquam volu',0,0,10,1,1,1,1);
INSERT INTO charactercreator_character VALUES(24,'Facere enim velit eligend',0,0,10,1,1,1,1);
INSERT INTO charactercreator_character VALUES(25,'Sed ratione quis rep',0,0,10,1,1,1,1);
INSERT INTO charactercreator_character VALUES(26,'Doloribus neque',0,0,10,1,1,1,1);
INSERT INTO charactercreator_character VALUES(27,'Ab voluptas se',0,0,10,1,1,1,1);
INSERT INTO charactercreator_character VALUES(28,'Molestias m',0,0,10,1,1,1,1);
INSERT INTO charactercreator_character VALUES(29,'In pariatur corpori',0,0,10,1,1,1,1);
INSERT INTO charactercreator_character VALUES(30,'Possimus ad dignissimos vel, a',0,0,10,1,1,1,1);
INSERT INTO charactercreator_character VALUES(31,'At minus accusa',0,0,10,1,1,1,1);
INSERT INTO charactercreator_character VALUES(32,'Ad necess',0,0,10,1,1,1,1);
INSERT INTO charactercreator_character VALUES(33,'Expedita c',0,0,10,1,1,1,1);
INSERT INTO charactercreator_character VALUES(34,'Voluptates sunt voluptas volu',0,0,10,1,1,1,1);
INSERT INTO charactercreator_character VALUES(35,'Autem mollitia fuga lauda',0,0,10,1,1,1,1);
INSERT INTO charactercreator_character VALUES(36,'Sint quibusdam ob',0,0,10,1,1,1,1);
INSERT INTO charactercreator_character VALUES(37,'Rerum et o',0,0,10,1,1,1,1);
INSERT INTO charactercreator_character VALUES(38,'Doloribus dolore r',0,0,10,1,1,1,1);
INSERT INTO charactercreator_character VALUES(39,'Eaque su',0,0,10,1,1,1,1);
INSERT INTO charactercreator_character VALUES(40,'Vel molestias numqua',0,0,10,1,1,1,1);
INSERT INTO charactercreator_character VALUES(41,'Iste assumenda repellat q',0,0,10,1,1,1,1);
INSERT INTO charactercreator_character VALUES(42,'Animi labo',0,0,10,1,1,1,1);
INSERT INTO charactercreator_character VALUES(43,'Eum culpa eaque ea omn',0,0,10,1,1,1,1);
INSERT INTO charactercreator_character VALUES(44,'Harum provident vel quam',0,0,10,1,1,1,1);
INSERT INTO charactercreator_character VALUES(45,'Aspe',0,0,10,1,1,1,1);
INSERT INTO charactercreator_character VALUES(46,'Nisi nequ',0,0,10,1,1,1,1);
INSERT INTO charactercreator_character VALUES(47,'Quod tempora',0,0,10,1,1,1,1);
INSERT INTO charactercreator_character VALUES(48,'Porro aliq',0,0,10,1,1,1,1);
INSERT INTO charactercreator_character VALUES(49,'Quas',0,0,10,1,1,1,1);
INSERT INTO charactercreator_character VALUES(50,'Magnam eligendi quia animi',0,0,10,1,1,1,1);
INSERT INTO charactercreator_character VALUES(51,'Officiis se',0,0,10,1,1,1,1);
INSERT INTO charactercreator_character VALUES(52,'Id assumend',0,0,10,1,1,1,1);
INSERT INTO charactercreator_character VALUES(53,'Voluptatibus fu',0,0,10,1,1,1,1);
INSERT INTO charactercreator_character VALUES(54,'Odit rat',0,0,10,1,1,1,1);
INSERT INTO charactercreator_character VALUES(55,'Debit',0,0,10,1,1,1,1);
INSERT INTO charactercreator_character VALUES(56,'Cum aut quas repudia',0,0,10,1,1,1,1);
INSERT INTO charactercreator_character VALUES(57,'Deleniti qui quae quidem',0,0,10,1,1,1,1);
INSERT INTO charactercreator_character VALUES(58,'Adipisci voluptas',0,0,10,1,1,1,1);
INSERT INTO charactercreator_character VALUES(59,'Debitis sit ratione eos nam',0,0,10,1,1,1,1);
INSERT INTO charactercreator_character VALUES(60,'Esse illo molestias archi',0,0,10,1,1,1,1);
INSERT INTO charactercreator_character VALUES(61,'Sunt at itaque voluptatum d',0,0,10,1,1,1,1);
INSERT INTO charactercreator_character VALUES(62,'Est totam',0,0,10,1,1,1,1);
INSERT INTO charactercreator_character VALUES(63,'Reprehenderit commodi eius',0,0,10,1,1,1,1);
INSERT INTO charactercreator_character VALUES(64,'Debit',0,0,10,1,1,1,1);
INSERT INTO charactercreator_character VALUES(65,'Soluta dol',0,0,10,1,1,1,1);
INSERT INTO charactercreator_character VALUES(66,'Vel nesc',0,0,10,1,1,1,1);
INSERT INTO charactercreator_character VALUES(67,'Ratione quia ali',0,0,10,1,1,1,1);
INSERT INTO charactercreator_character VALUES(68,'Rerum recusandae minima',0,0,10,1,1,1,1);
INSERT INTO charactercreator_character VALUES(69,'Totam natus eius fugiat volu',0,0,10,1,1,1,1);
INSERT INTO charactercreator_character VALUES(70,'Perferendis commodi null',0,0,10,1,1,1,1);
INSERT INTO charactercreator_character VALUES(71,'Laudantiu',0,0,10,1,1,1,1);
INSERT INTO charactercreator_character VALUES(72,'Voluptat',0,0,10,1,1,1,1);
INSERT INTO charactercreator_character VALUES(73,'Incidunt nesciun',0,0,10,1,1,1,1);
INSERT INTO charactercreator_character VALUES(74,'Illum amet vero',0,0,10,1,1,1,1);
INSERT INTO charactercreator_character VALUES(75,'Suscipit exercitationem re',0,0,10,1,1,1,1);
INSERT INTO charactercreator_character VALUES(76,'Quas enim error maxime nisi m',0,0,10,1,1,1,1);
INSERT INTO charactercreator_character VALUES(77,'Labore qu',0,0,10,1,1,1,1);
INSERT INTO charactercreator_character VALUES(78,'Repudiandae deleniti unde',0,0,10,1,1,1,1);
INSERT INTO charactercreator_character VALUES(79,'Ut do',0,0,10,1,1,1,1);
INSERT INTO charactercreator_character VALUES(80,'Quaerat esse labore q',0,0,10,1,1,1,1);
INSERT INTO charactercreator_character VALUES(81,'Quidem aliq',0,0,10,1,1,1,1);
INSERT INTO charactercreator_character VALUES(82,'Aperiam vitae eos dolor sed',0,0,10,1,1,1,1);
INSERT INTO charactercreator_character VALUES(83,'Minus nobis porro',0,0,10,1,1,1,1);
INSERT INTO charactercreator_character VALUES(84,'In similique',0,0,10,1,1,1,1);
INSERT INTO charactercreator_character VALUES(85,'Culpa repellat unde',0,0,10,1,1,1,1);
INSERT INTO charactercreator_character VALUES(86,'Architecto i',0,0,10,1,1,1,1);
INSERT INTO charactercreator_character VALUES(87,'A sed pariatur qua',0,0,10,1,1,1,1);
INSERT INTO charactercreator_character VALUES(88,'Tempore assumenda aperiam',0,0,10,1,1,1,1);
INSERT INTO charactercreator_character VALUES(89,'Sed ullam tempora iusto co',0,0,10,1,1,1,1);
INSERT INTO charactercreator_character VALUES(90,'Ipsa',0,0,10,1,1,1,1);
INSERT INTO charactercreator_character VALUES(91,'Fugiat incidun',0,0,10,1,1,1,1);
INSERT INTO charactercreator_character VALUES(92,'Molestiae of',0,0,10,1,1,1,1);
INSERT INTO charactercreator_character VALUES(93,'Quae quisquam cons',0,0,10,1,1,1,1);
INSERT INTO charactercreator_character VALUES(94,'Repellendus ea non facil',0,0,10,1,1,1,1);
INSERT INTO charactercreator_character VALUES(95,'Quod non quibu',0,0,10,1,1,1,1);
INSERT INTO charactercreator_character VALUES(96,'Numquam velit distinctio',0,0,10,1,1,1,1);
INSERT INTO charactercreator_character VALUES(97,'Necessitatibus nihil ex debi',0,0,10,1,1,1,1);
INSERT INTO charactercreator_character VALUES(98,'Velit tempore nemo, na',0,0,10,1,1,1,1);
INSERT INTO charactercreator_character VALUES(99,'Nesciunt v',0,0,10,1,1,1,1);
INSERT INTO charactercreator_character VALUES(100,'Dicta enim debitis accusantiu',0,0,10,1,1,1,1);
INSERT INTO charactercreator_character VALUES(101,'Vitae a',0,0,10,1,1,1,1);
INSERT INTO charactercreator_character VALUES(102,'Praesentium voluptas u',0,0,10,1,1,1,1);
INSERT INTO charactercreator_character VALUES(103,'Unde ullam mollitia? Nu',0,0,10,1,1,1,1);
INSERT INTO charactercreator_character VALUES(104,'Neque molestias qu',0,0,10,1,1,1,1);
INSERT INTO charactercreator_character VALUES(105,'Officiis es',0,0,10,1,1,1,1);
INSERT INTO charactercreator_character VALUES(106,'Beatae mi',0,0,10,1,1,1,1);
INSERT INTO charactercreator_character VALUES(107,'Mollitia nam corporis temp',0,0,10,1,1,1,1);
INSERT INTO charactercreator_character VALUES(108,'Repudiandae repellat i',0,0,10,1,1,1,1);
INSERT INTO charactercreator_character VALUES(109,'Laboriosam',0,0,10,1,1,1,1);
INSERT INTO charactercreator_character VALUES(110,'Nam minus amet',0,0,10,1,1,1,1);
INSERT INTO charactercreator_character VALUES(111,'Harum quae volup',0,0,10,1,1,1,1);
INSERT INTO charactercreator_character VALUES(112,'Impedit facere ulla',0,0,10,1,1,1,1);
INSERT INTO charactercreator_character VALUES(113,'Enim',0,0,10,1,1,1,1);
INSERT INTO charactercreator_character VALUES(114,'Dolore magni',0,0,10,1,1,1,1);
INSERT INTO charactercreator_character VALUES(115,'Eaque at corpori',0,0,10,1,1,1,1);
INSERT INTO charactercreator_character VALUES(116,'Fug',0,0,10,1,1,1,1);
INSERT INTO charactercreator_character VALUES(117,'Dolorum laudanti',0,0,10,1,1,1,1);
INSERT INTO charactercreator_character VALUES(118,'Perferendis nat',0,0,10,1,1,1,1);
INSERT INTO charactercreator_character VALUES(119,'Cupidi',0,0,10,1,1,1,1);
INSERT INTO charactercreator_character VALUES(120,'Commodi eius dicta digniss',0,0,10,1,1,1,1);
INSERT INTO charactercreator_character VALUES(121,'Debitis eu',0,0,10,1,1,1,1);
INSERT INTO charactercreator_character VALUES(122,'Nihil repella',0,0,10,1,1,1,1);
INSERT INTO charactercreator_character VALUES(123,'Rem quasi minima hic sed anim',0,0,10,1,1,1,1);
INSERT INTO charactercreator_character VALUES(124,'Sed ali',0,0,10,1,1,1,1);
INSERT INTO charactercreator_character VALUES(125,'Earum vol',0,0,10,1,1,1,1);
INSERT INTO charactercreator_character VALUES(126,'Inventore tempore com',0,0,10,1,1,1,1);
INSERT INTO charactercreator_character VALUES(127,'Repell',0,0,10,1,1,1,1);
INSERT INTO charactercreator_character VALUES(128,'Consequatur quis recusandae qu',0,0,10,1,1,1,1);
INSERT INTO charactercreator_character VALUES(129,'Dolores ea velit mi',0,0,10,1,1,1,1);
INSERT INTO charactercreator_character VALUES(130,'Atque blanditiis a aperiam',0,0,10,1,1,1,1);
INSERT INTO charactercreator_character VALUES(131,'Reprehenderit sequi iu',0,0,10,1,1,1,1);
INSERT INTO charactercreator_character VALUES(132,'Natus architecto eos, hic blan',0,0,10,1,1,1,1);
INSERT INTO charactercreator_character VALUES(133,'Ipsa illo quas',0,0,10,1,1,1,1);
INSERT INTO charactercreator_character VALUES(134,'Voluptas ali',0,0,10,1,1,1,1);
INSERT INTO charactercreator_character VALUES(135,'Voluptates obcaecati quod e',0,0,10,1,1,1,1);
INSERT INTO charactercreator_character VALUES(136,'Dolor adipisci a voluptate',0,0,10,1,1,1,1);
INSERT INTO charactercreator_character VALUES(137,'Repellendus natus quae, n',0,0,10,1,1,1,1);
INSERT INTO charactercreator_character VALUES(138,'Laudantium earum nam in dol',0,0,10,1,1,1,1);
INSERT INTO charactercreator_character VALUES(139,'Molestias face',0,0,10,1,1,1,1);
INSERT INTO charactercreator_character VALUES(140,'Maiores suscipit exc',0,0,10,1,1,1,1);
INSERT INTO charactercreator_character VALUES(141,'Illum dolore perferen',0,0,10,1,1,1,1);
INSERT INTO charactercreator_character VALUES(142,'Explicabo recusandae ma',0,0,10,1,1,1,1);
INSERT INTO charactercreator_character VALUES(143,'Odio obcaecati hic nostrum n',0,0,10,1,1,1,1);
INSERT INTO charactercreator_character VALUES(144,'Voluptate ali',0,0,10,1,1,1,1);
INSERT INTO charactercreator_character VALUES(145,'Repudiandae vitae sapiente mol',0,0,10,1,1,1,1);
INSERT INTO charactercreator_character VALUES(146,'Ipsam cumque',0,0,10,1,1,1,1);
INSERT INTO charactercreator_character VALUES(147,'Fugiat quos alias eos dese',0,0,10,1,1,1,1);
INSERT INTO charactercreator_character VALUES(148,'Eaque impe',0,0,10,1,1,1,1);
INSERT INTO charactercreator_character VALUES(149,'Elige',0,0,10,1,1,1,1);
INSERT INTO charactercreator_character VALUES(150,'Adip',0,0,10,1,1,1,1);
INSERT INTO charactercreator_character VALUES(151,'Fuga nemo vel mo',0,0,10,1,1,1,1);
INSERT INTO charactercreator_character VALUES(152,'Libero cumque impedit eveniet',0,0,10,1,1,1,1);
INSERT INTO charactercreator_character VALUES(153,'Odio soluta',0,0,10,1,1,1,1);
INSERT INTO charactercreator_character VALUES(154,'Vero nostrum duc',0,0,10,1,1,1,1);
INSERT INTO charactercreator_character VALUES(155,'Repellend',0,0,10,1,1,1,1);
INSERT INTO charactercreator_character VALUES(156,'Quod',0,0,10,1,1,1,1);
INSERT INTO charactercreator_character VALUES(157,'Suscipit reiciend',0,0,10,1,1,1,1);
INSERT INTO charactercreator_character VALUES(158,'Voluptat',0,0,10,1,1,1,1);
INSERT INTO charactercreator_character VALUES(159,'Porro dolor fuga quam',0,0,10,1,1,1,1);
INSERT INTO charactercreator_character VALUES(160,'Amet quo fugit aliquam sequi',0,0,10,1,1,1,1);
INSERT INTO charactercreator_character VALUES(161,'Magni adipisci veritatis sit q',0,0,10,1,1,1,1);
INSERT INTO charactercreator_character VALUES(162,'Debitis enim cumque cum qu',0,0,10,1,1,1,1);
INSERT INTO charactercreator_character VALUES(163,'Dolorem eligend',0,0,10,1,1,1,1);
INSERT INTO charactercreator_character VALUES(164,'Autem lib',0,0,10,1,1,1,1);
INSERT INTO charactercreator_character VALUES(165,'Saepe assumenda perferendis f',0,0,10,1,1,1,1);
INSERT INTO charactercreator_character VALUES(166,'Deserunt',0,0,10,1,1,1,1);
INSERT INTO charactercreator_character VALUES(167,'Provident soluta simil',0,0,10,1,1,1,1);
INSERT INTO charactercreator_character VALUES(168,'In accu',0,0,10,1,1,1,1);
INSERT INTO charactercreator_character VALUES(169,'Inve',0,0,10,1,1,1,1);
INSERT INTO charactercreator_character VALUES(170,'Placeat sapiente',0,0,10,1,1,1,1);
INSERT INTO charactercreator_character VALUES(171,'Ducimus architecto ullam',0,0,10,1,1,1,1);
INSERT INTO charactercreator_character VALUES(172,'Voluptate tempora rerum',0,0,10,1,1,1,1);
INSERT INTO charactercreator_character VALUES(173,'Totam incidunt earum perspicia',0,0,10,1,1,1,1);
INSERT INTO charactercreator_character VALUES(174,'Optio quas e',0,0,10,1,1,1,1);
INSERT INTO charactercreator_character VALUES(175,'Ab illum invento',0,0,10,1,1,1,1);
INSERT INTO charactercreator_character VALUES(176,'Repellat quis natus totam, s',0,0,10,1,1,1,1);
INSERT INTO charactercreator_character VALUES(177,'Est voluptate accusantium tem',0,0,10,1,1,1,1);
INSERT INTO charactercreator_character VALUES(178,'Beatae q',0,0,10,1,1,1,1);
INSERT INTO charactercreator_character VALUES(179,'Velit',0,0,10,1,1,1,1);
INSERT INTO charactercreator_character VALUES(180,'Minus nequ',0,0,10,1,1,1,1);
INSERT INTO charactercreator_character VALUES(181,'Autem eos voluptates off',0,0,10,1,1,1,1);
INSERT INTO charactercreator_character VALUES(182,'Vel fug',0,0,10,1,1,1,1);
INSERT INTO charactercreator_character VALUES(183,'Architecto repudian',0,0,10,1,1,1,1);
INSERT INTO charactercreator_character VALUES(184,'Opti',0,0,10,1,1,1,1);
INSERT INTO charactercreator_character VALUES(185,'Iust',0,0,10,1,1,1,1);
INSERT INTO charactercreator_character VALUES(186,'Sapiente',0,0,10,1,1,1,1);
INSERT INTO charactercreator_character VALUES(187,'Officiis repellat corrupti su',0,0,10,1,1,1,1);
INSERT INTO charactercreator_character VALUES(188,'Dicta et natus e',0,0,10,1,1,1,1);
INSERT INTO charactercreator_character VALUES(189,'At quos',0,0,10,1,1,1,1);
INSERT INTO charactercreator_character VALUES(190,'Laborum ven',0,0,10,1,1,1,1);
INSERT INTO charactercreator_character VALUES(191,'Exceptur',0,0,10,1,1,1,1);
INSERT INTO charactercreator_character VALUES(192,'Reiciendis assumenda dolo',0,0,10,1,1,1,1);
INSERT INTO charactercreator_character VALUES(193,'Poss',0,0,10,1,1,1,1);
INSERT INTO charactercreator_character VALUES(194,'Acc',0,0,10,1,1,1,1);
INSERT INTO charactercreator_character VALUES(195,'Placeat esse archit',0,0,10,1,1,1,1);
INSERT INTO charactercreator_character VALUES(196,'Enim repellendus nihil est te',0,0,10,1,1,1,1);
INSERT INTO charactercreator_character VALUES(197,'Ipsam incidunt t',0,0,10,1,1,1,1);
INSERT INTO charactercreator_character VALUES(198,'Iure',0,0,10,1,1,1,1);
INSERT INTO charactercreator_character VALUES(199,'Illo en',0,0,10,1,1,1,1);
INSERT INTO charactercreator_character VALUES(200,'A rem ex',0,0,10,1,1,1,1);
INSERT INTO charactercreator_character VALUES(201,'Officiis su',0,0,10,1,1,1,1);
INSERT INTO charactercreator_character VALUES(202,'Numquam molestias',0,0,10,1,1,1,1);
INSERT INTO charactercreator_character VALUES(203,'Voluptates unde',0,0,10,1,1,1,1);
INSERT INTO charactercreator_character VALUES(204,'Quae praesentium vel',0,0,10,1,1,1,1);
INSERT INTO charactercreator_character VALUES(205,'Quas',0,0,10,1,1,1,1);
INSERT INTO charactercreator_character VALUES(206,'Dolores aliquid inv',0,0,10,1,1,1,1);
INSERT INTO charactercreator_character VALUES(207,'Mollitia tempore laborum eaqu',0,0,10,1,1,1,1);
INSERT INTO charactercreator_character VALUES(208,'Nobis voluptates fugiat quia',0,0,10,1,1,1,1);
INSERT INTO charactercreator_character VALUES(209,'Similique dolorem dolore maio',0,0,10,1,1,1,1);
INSERT INTO charactercreator_character VALUES(210,'Sapiente',0,0,10,1,1,1,1);
INSERT INTO charactercreator_character VALUES(211,'Officia nisi dolore',0,0,10,1,1,1,1);
INSERT INTO charactercreator_character VALUES(212,'Distinctio',0,0,10,1,1,1,1);
INSERT INTO charactercreator_character VALUES(213,'Eos quia dignissimos saepe vel',0,0,10,1,1,1,1);
INSERT INTO charactercreator_character VALUES(214,'Ullam neque sint eligendi',0,0,10,1,1,1,1);
INSERT INTO charactercreator_character VALUES(215,'Excepturi deleniti ab a',0,0,10,1,1,1,1);
INSERT INTO charactercreator_character VALUES(216,'Accusa',0,0,10,1,1,1,1);
INSERT INTO charactercreator_character VALUES(217,'Reiciendis laboriosam di',0,0,10,1,1,1,1);
INSERT INTO charactercreator_character VALUES(218,'Delectus ex',0,0,10,1,1,1,1);
INSERT INTO charactercreator_character VALUES(219,'Pari',0,0,10,1,1,1,1);
INSERT INTO charactercreator_character VALUES(220,'Veritatis velit facilis iste',0,0,10,1,1,1,1);
INSERT INTO charactercreator_character VALUES(221,'Dol',0,0,10,1,1,1,1);
INSERT INTO charactercreator_character VALUES(222,'Qui iste pr',0,0,10,1,1,1,1);
INSERT INTO charactercreator_character VALUES(223,'Deleni',0,0,10,1,1,1,1);
INSERT INTO charactercreator_character VALUES(224,'Reprehenderit volu',0,0,10,1,1,1,1);
INSERT INTO charactercreator_character VALUES(225,'Accusantium vitae n',0,0,10,1,1,1,1);
INSERT INTO charactercreator_character VALUES(226,'Natus consequatur incidun',0,0,10,1,1,1,1);
INSERT INTO charactercreator_character VALUES(227,'Dignissimos a',0,0,10,1,1,1,1);
INSERT INTO charactercreator_character VALUES(228,'Vitae modi',0,0,10,1,1,1,1);
INSERT INTO charactercreator_character VALUES(229,'Accusantium qu',0,0,10,1,1,1,1);
INSERT INTO charactercreator_character VALUES(230,'Reiciendis dignissimos ratio',0,0,10,1,1,1,1);
INSERT INTO charactercreator_character VALUES(231,'Expedita provident natus volup',0,0,10,1,1,1,1);
INSERT INTO charactercreator_character VALUES(232,'Rerum repellat voluptas c',0,0,10,1,1,1,1);
INSERT INTO charactercreator_character VALUES(233,'Maiores quos incidunt dolor',0,0,10,1,1,1,1);
INSERT INTO charactercreator_character VALUES(234,'Aper',0,0,10,1,1,1,1);
INSERT INTO charactercreator_character VALUES(235,'Nulla',0,0,10,1,1,1,1);
INSERT INTO charactercreator_character VALUES(236,'Laudantium tempora itaque',0,0,10,1,1,1,1);
INSERT INTO charactercreator_character VALUES(237,'Reprehenderit',0,0,10,1,1,1,1);
INSERT INTO charactercreator_character VALUES(238,'Aliqu',0,0,10,1,1,1,1);
INSERT INTO charactercreator_character VALUES(239,'Odio harum nam mole',0,0,10,1,1,1,1);
INSERT INTO charactercreator_character VALUES(240,'Arc',0,0,10,1,1,1,1);
INSERT INTO charactercreator_character VALUES(241,'Reprehenderit li',0,0,10,1,1,1,1);
INSERT INTO charactercreator_character VALUES(242,'Repr',0,0,10,1,1,1,1);
INSERT INTO charactercreator_character VALUES(243,'Optio m',0,0,10,1,1,1,1);
INSERT INTO charactercreator_character VALUES(244,'Esse odit amet rep',0,0,10,1,1,1,1);
INSERT INTO charactercreator_character VALUES(245,'Provident nostrum minima',0,0,10,1,1,1,1);
INSERT INTO charactercreator_character VALUES(246,'Ex nihil quae facilis a omni',0,0,10,1,1,1,1);
INSERT INTO charactercreator_character VALUES(247,'Dolorem quaerat sunt',0,0,10,1,1,1,1);
INSERT INTO charactercreator_character VALUES(248,'Distinctio',0,0,10,1,1,1,1);
INSERT INTO charactercreator_character VALUES(249,'Repudiandae ip',0,0,10,1,1,1,1);
INSERT INTO charactercreator_character VALUES(250,'Iste debitis dolorum amet m',0,0,10,1,1,1,1);
INSERT INTO charactercreator_character VALUES(251,'Non qui vo',0,0,10,1,1,1,1);
INSERT INTO charactercreator_character VALUES(252,'Dolorem ma',0,0,10,1,1,1,1);
INSERT INTO charactercreator_character VALUES(253,'Molestias labore tempore ita',0,0,10,1,1,1,1);
INSERT INTO charactercreator_character VALUES(254,'Vol',0,0,10,1,1,1,1);
INSERT INTO charactercreator_character VALUES(255,'Adipisci molest',0,0,10,1,1,1,1);
INSERT INTO charactercreator_character VALUES(256,'Omni',0,0,10,1,1,1,1);
INSERT INTO charactercreator_character VALUES(257,'Voluptatibus dolor',0,0,10,1,1,1,1);
INSERT INTO charactercreator_character VALUES(258,'Quo',0,0,10,1,1,1,1);
INSERT INTO charactercreator_character VALUES(259,'Atque aspernatur possi',0,0,10,1,1,1,1);
INSERT INTO charactercreator_character VALUES(260,'Ullam c',0,0,10,1,1,1,1);
INSERT INTO charactercreator_character VALUES(261,'Iusto quas voluptatibu',0,0,10,1,1,1,1);
INSERT INTO charactercreator_character VALUES(262,'Optio qui sunt dolores, ab',0,0,10,1,1,1,1);
INSERT INTO charactercreator_character VALUES(263,'Illum recusandae nulla re',0,0,10,1,1,1,1);
INSERT INTO charactercreator_character VALUES(264,'Verita',0,0,10,1,1,1,1);
INSERT INTO charactercreator_character VALUES(265,'Expedita quod blanditiis',0,0,10,1,1,1,1);
INSERT INTO charactercreator_character VALUES(266,'Mag',0,0,10,1,1,1,1);
INSERT INTO charactercreator_character VALUES(267,'Omnis quos aspernatur d',0,0,10,1,1,1,1);
INSERT INTO charactercreator_character VALUES(268,'Sunt impedit co',0,0,10,1,1,1,1);
INSERT INTO charactercreator_character VALUES(269,'Minima quam ea ad',0,0,10,1,1,1,1);
INSERT INTO charactercreator_character VALUES(270,'Suscipit quidem e',0,0,10,1,1,1,1);
INSERT INTO charactercreator_character VALUES(271,'Harum',0,0,10,1,1,1,1);
INSERT INTO charactercreator_character VALUES(272,'Dolore laborum ips',0,0,10,1,1,1,1);
INSERT INTO charactercreator_character VALUES(273,'Magni veniam earum corporis',0,0,10,1,1,1,1);
INSERT INTO charactercreator_character VALUES(274,'Optio',0,0,10,1,1,1,1);
INSERT INTO charactercreator_character VALUES(275,'Nam fugit vel.',0,0,10,1,1,1,1);
INSERT INTO charactercreator_character VALUES(276,'Ut numquam quam eum, alias ius',0,0,10,1,1,1,1);
INSERT INTO charactercreator_character VALUES(277,'Error amet tempore nulla',0,0,10,1,1,1,1);
INSERT INTO charactercreator_character VALUES(278,'Deserunt a',0,0,10,1,1,1,1);
INSERT INTO charactercreator_character VALUES(279,'Aperiam sit',0,0,10,1,1,1,1);
INSERT INTO charactercreator_character VALUES(280,'Asperi',0,0,10,1,1,1,1);
INSERT INTO charactercreator_character VALUES(281,'Similique aperiam earum expli',0,0,10,1,1,1,1);
INSERT INTO charactercreator_character VALUES(282,'Iure h',0,0,10,1,1,1,1);
INSERT INTO charactercreator_character VALUES(283,'At sint ducimus nostrum i',0,0,10,1,1,1,1);
INSERT INTO charactercreator_character VALUES(284,'Reprehenderit temporib',0,0,10,1,1,1,1);
INSERT INTO charactercreator_character VALUES(285,'Molestiae quaerat maxim',0,0,10,1,1,1,1);
INSERT INTO charactercreator_character VALUES(286,'Maior',0,0,10,1,1,1,1);
INSERT INTO charactercreator_character VALUES(287,'Unde natus ut ipsa cupi',0,0,10,1,1,1,1);
INSERT INTO charactercreator_character VALUES(288,'Praesentium atque ear',0,0,10,1,1,1,1);
INSERT INTO charactercreator_character VALUES(289,'Rem minima',0,0,10,1,1,1,1);
INSERT INTO charactercreator_character VALUES(290,'Provident sed soluta, sed si',0,0,10,1,1,1,1);
INSERT INTO charactercreator_character VALUES(291,'Natus quia veritatis',0,0,10,1,1,1,1);
INSERT INTO charactercreator_character VALUES(292,'Vero a',0,0,10,1,1,1,1);
INSERT INTO charactercreator_character VALUES(293,'Optio harum labori',0,0,10,1,1,1,1);
INSERT INTO charactercreator_character VALUES(294,'Duci',0,0,10,1,1,1,1);
INSERT INTO charactercreator_character VALUES(295,'Ipsa elige',0,0,10,1,1,1,1);
INSERT INTO charactercreator_character VALUES(296,'Sunt blanditiis i',0,0,10,1,1,1,1);
INSERT INTO charactercreator_character VALUES(297,'Doloremque',0,0,10,1,1,1,1);
INSERT INTO charactercreator_character VALUES(298,'Autem ratione vitae quos, do',0,0,10,1,1,1,1);
INSERT INTO charactercreator_character VALUES(299,'Voluptatibus aliquid',0,0,10,1,1,1,1);
INSERT INTO charactercreator_character VALUES(300,'Quaerat sequi sit eius corpori',0,0,10,1,1,1,1);
INSERT INTO charactercreator_character VALUES(301,'Libe',0,0,10,1,1,1,1);
INSERT INTO charactercreator_character VALUES(302,'Aliquam n',0,0,10,1,1,1,1);
CREATE TABLE IF NOT EXISTS "charactercreator_cleric" ("character_ptr_id" integer NOT NULL PRIMARY KEY REFERENCES "charactercreator_character" ("character_id") DEFERRABLE INITIALLY DEFERRED, "using_shield" bool NOT NULL, "mana" integer NOT NULL);
INSERT INTO charactercreator_cleric VALUES(166,0,100);
INSERT INTO charactercreator_cleric VALUES(167,0,100);
INSERT INTO charactercreator_cleric VALUES(168,0,100);
INSERT INTO charactercreator_cleric VALUES(169,0,100);
INSERT INTO charactercreator_cleric VALUES(170,0,100);
INSERT INTO charactercreator_cleric VALUES(171,0,100);
INSERT INTO charactercreator_cleric VALUES(172,0,100);
INSERT INTO charactercreator_cleric VALUES(173,0,100);
INSERT INTO charactercreator_cleric VALUES(174,0,100);
INSERT INTO charactercreator_cleric VALUES(175,0,100);
INSERT INTO charactercreator_cleric VALUES(176,0,100);
INSERT INTO charactercreator_cleric VALUES(177,0,100);
INSERT INTO charactercreator_cleric VALUES(178,0,100);
INSERT INTO charactercreator_cleric VALUES(179,0,100);
INSERT INTO charactercreator_cleric VALUES(180,0,100);
INSERT INTO charactercreator_cleric VALUES(181,0,100);
INSERT INTO charactercreator_cleric VALUES(182,0,100);
INSERT INTO charactercreator_cleric VALUES(183,0,100);
INSERT INTO charactercreator_cleric VALUES(184,0,100);
INSERT INTO charactercreator_cleric VALUES(185,0,100);
INSERT INTO charactercreator_cleric VALUES(186,0,100);
INSERT INTO charactercreator_cleric VALUES(187,0,100);
INSERT INTO charactercreator_cleric VALUES(188,0,100);
INSERT INTO charactercreator_cleric VALUES(189,0,100);
INSERT INTO charactercreator_cleric VALUES(190,0,100);
INSERT INTO charactercreator_cleric VALUES(191,0,100);
INSERT INTO charactercreator_cleric VALUES(192,0,100);
INSERT INTO charactercreator_cleric VALUES(193,0,100);
INSERT INTO charactercreator_cleric VALUES(194,0,100);
INSERT INTO charactercreator_cleric VALUES(195,0,100);
INSERT INTO charactercreator_cleric VALUES(196,0,100);
INSERT INTO charactercreator_cleric VALUES(197,0,100);
INSERT INTO charactercreator_cleric VALUES(198,0,100);
INSERT INTO charactercreator_cleric VALUES(199,0,100);
INSERT INTO charactercreator_cleric VALUES(200,0,100);
INSERT INTO charactercreator_cleric VALUES(201,0,100);
INSERT INTO charactercreator_cleric VALUES(202,0,100);
INSERT INTO charactercreator_cleric VALUES(203,0,100);
INSERT INTO charactercreator_cleric VALUES(204,0,100);
INSERT INTO charactercreator_cleric VALUES(205,0,100);
INSERT INTO charactercreator_cleric VALUES(206,0,100);
INSERT INTO charactercreator_cleric VALUES(207,0,100);
INSERT INTO charactercreator_cleric VALUES(208,0,100);
INSERT INTO charactercreator_cleric VALUES(209,0,100);
INSERT INTO charactercreator_cleric VALUES(210,0,100);
INSERT INTO charactercreator_cleric VALUES(211,0,100);
INSERT INTO charactercreator_cleric VALUES(212,0,100);
INSERT INTO charactercreator_cleric VALUES(213,0,100);
INSERT INTO charactercreator_cleric VALUES(214,0,100);
INSERT INTO charactercreator_cleric VALUES(215,0,100);
INSERT INTO charactercreator_cleric VALUES(216,0,100);
INSERT INTO charactercreator_cleric VALUES(217,0,100);
INSERT INTO charactercreator_cleric VALUES(218,0,100);
INSERT INTO charactercreator_cleric VALUES(219,0,100);
INSERT INTO charactercreator_cleric VALUES(220,0,100);
INSERT INTO charactercreator_cleric VALUES(221,0,100);
INSERT INTO charactercreator_cleric VALUES(222,0,100);
INSERT INTO charactercreator_cleric VALUES(223,0,100);
INSERT INTO charactercreator_cleric VALUES(224,0,100);
INSERT INTO charactercreator_cleric VALUES(225,0,100);
INSERT INTO charactercreator_cleric VALUES(226,0,100);
INSERT INTO charactercreator_cleric VALUES(227,0,100);
INSERT INTO charactercreator_cleric VALUES(228,0,100);
INSERT INTO charactercreator_cleric VALUES(229,0,100);
INSERT INTO charactercreator_cleric VALUES(230,0,100);
INSERT INTO charactercreator_cleric VALUES(231,0,100);
INSERT INTO charactercreator_cleric VALUES(232,0,100);
INSERT INTO charactercreator_cleric VALUES(233,0,100);
INSERT INTO charactercreator_cleric VALUES(234,0,100);
INSERT INTO charactercreator_cleric VALUES(235,0,100);
INSERT INTO charactercreator_cleric VALUES(236,0,100);
INSERT INTO charactercreator_cleric VALUES(237,0,100);
INSERT INTO charactercreator_cleric VALUES(238,0,100);
INSERT INTO charactercreator_cleric VALUES(239,0,100);
INSERT INTO charactercreator_cleric VALUES(240,0,100);
CREATE TABLE IF NOT EXISTS "charactercreator_fighter" ("character_ptr_id" integer NOT NULL PRIMARY KEY REFERENCES "charactercreator_character" ("character_id") DEFERRABLE INITIALLY DEFERRED, "using_shield" bool NOT NULL, "rage" integer NOT NULL);
INSERT INTO charactercreator_fighter VALUES(1,0,100);
INSERT INTO charactercreator_fighter VALUES(2,0,100);
INSERT INTO charactercreator_fighter VALUES(3,0,100);
INSERT INTO charactercreator_fighter VALUES(4,0,100);
INSERT INTO charactercreator_fighter VALUES(5,0,100);
INSERT INTO charactercreator_fighter VALUES(6,0,100);
INSERT INTO charactercreator_fighter VALUES(7,0,100);
INSERT INTO charactercreator_fighter VALUES(8,0,100);
INSERT INTO charactercreator_fighter VALUES(9,0,100);
INSERT INTO charactercreator_fighter VALUES(10,0,100);
INSERT INTO charactercreator_fighter VALUES(11,0,100);
INSERT INTO charactercreator_fighter VALUES(12,0,100);
INSERT INTO charactercreator_fighter VALUES(13,0,100);
INSERT INTO charactercreator_fighter VALUES(14,0,100);
INSERT INTO charactercreator_fighter VALUES(15,0,100);
INSERT INTO charactercreator_fighter VALUES(16,0,100);
INSERT INTO charactercreator_fighter VALUES(17,0,100);
INSERT INTO charactercreator_fighter VALUES(18,0,100);
INSERT INTO charactercreator_fighter VALUES(19,0,100);
INSERT INTO charactercreator_fighter VALUES(20,0,100);
INSERT INTO charactercreator_fighter VALUES(21,0,100);
INSERT INTO charactercreator_fighter VALUES(22,0,100);
INSERT INTO charactercreator_fighter VALUES(23,0,100);
INSERT INTO charactercreator_fighter VALUES(24,0,100);
INSERT INTO charactercreator_fighter VALUES(25,0,100);
INSERT INTO charactercreator_fighter VALUES(26,0,100);
INSERT INTO charactercreator_fighter VALUES(27,0,100);
INSERT INTO charactercreator_fighter VALUES(28,0,100);
INSERT INTO charactercreator_fighter VALUES(29,0,100);
INSERT INTO charactercreator_fighter VALUES(30,0,100);
INSERT INTO charactercreator_fighter VALUES(31,0,100);
INSERT INTO charactercreator_fighter VALUES(32,0,100);
INSERT INTO charactercreator_fighter VALUES(33,0,100);
INSERT INTO charactercreator_fighter VALUES(34,0,100);
INSERT INTO charactercreator_fighter VALUES(35,0,100);
INSERT INTO charactercreator_fighter VALUES(36,0,100);
INSERT INTO charactercreator_fighter VALUES(37,0,100);
INSERT INTO charactercreator_fighter VALUES(38,0,100);
INSERT INTO charactercreator_fighter VALUES(39,0,100);
INSERT INTO charactercreator_fighter VALUES(40,0,100);
INSERT INTO charactercreator_fighter VALUES(41,0,100);
INSERT INTO charactercreator_fighter VALUES(42,0,100);
INSERT INTO charactercreator_fighter VALUES(43,0,100);
INSERT INTO charactercreator_fighter VALUES(44,0,100);
INSERT INTO charactercreator_fighter VALUES(45,0,100);
INSERT INTO charactercreator_fighter VALUES(46,0,100);
INSERT INTO charactercreator_fighter VALUES(47,0,100);
INSERT INTO charactercreator_fighter VALUES(48,0,100);
INSERT INTO charactercreator_fighter VALUES(49,0,100);
INSERT INTO charactercreator_fighter VALUES(50,0,100);
INSERT INTO charactercreator_fighter VALUES(51,0,100);
INSERT INTO charactercreator_fighter VALUES(52,0,100);
INSERT INTO charactercreator_fighter VALUES(53,0,100);
INSERT INTO charactercreator_fighter VALUES(54,0,100);
INSERT INTO charactercreator_fighter VALUES(55,0,100);
INSERT INTO charactercreator_fighter VALUES(56,0,100);
INSERT INTO charactercreator_fighter VALUES(57,0,100);
INSERT INTO charactercreator_fighter VALUES(58,0,100);
INSERT INTO charactercreator_fighter VALUES(59,0,100);
INSERT INTO charactercreator_fighter VALUES(60,0,100);
INSERT INTO charactercreator_fighter VALUES(61,0,100);
INSERT INTO charactercreator_fighter VALUES(62,0,100);
INSERT INTO charactercreator_fighter VALUES(63,0,100);
INSERT INTO charactercreator_fighter VALUES(64,0,100);
INSERT INTO charactercreator_fighter VALUES(65,0,100);
INSERT INTO charactercreator_fighter VALUES(66,0,100);
INSERT INTO charactercreator_fighter VALUES(67,0,100);
INSERT INTO charactercreator_fighter VALUES(68,0,100);
CREATE TABLE IF NOT EXISTS "charactercreator_mage" ("character_ptr_id" integer NOT NULL PRIMARY KEY REFERENCES "charactercreator_character" ("character_id") DEFERRABLE INITIALLY DEFERRED, "has_pet" bool NOT NULL, "mana" integer NOT NULL);
INSERT INTO charactercreator_mage VALUES(69,1,100);
INSERT INTO charactercreator_mage VALUES(70,1,100);
INSERT INTO charactercreator_mage VALUES(71,1,100);
INSERT INTO charactercreator_mage VALUES(72,1,100);
INSERT INTO charactercreator_mage VALUES(73,1,100);
INSERT INTO charactercreator_mage VALUES(74,1,100);
INSERT INTO charactercreator_mage VALUES(75,1,100);
INSERT INTO charactercreator_mage VALUES(76,1,100);
INSERT INTO charactercreator_mage VALUES(77,1,100);
INSERT INTO charactercreator_mage VALUES(78,1,100);
INSERT INTO charactercreator_mage VALUES(79,1,100);
INSERT INTO charactercreator_mage VALUES(80,1,100);
INSERT INTO charactercreator_mage VALUES(81,1,100);
INSERT INTO charactercreator_mage VALUES(82,1,100);
INSERT INTO charactercreator_mage VALUES(83,1,100);
INSERT INTO charactercreator_mage VALUES(84,1,100);
INSERT INTO charactercreator_mage VALUES(85,1,100);
INSERT INTO charactercreator_mage VALUES(86,1,100);
INSERT INTO charactercreator_mage VALUES(87,1,100);
INSERT INTO charactercreator_mage VALUES(88,1,100);
INSERT INTO charactercreator_mage VALUES(89,1,100);
INSERT INTO charactercreator_mage VALUES(90,1,100);
INSERT INTO charactercreator_mage VALUES(91,1,100);
INSERT INTO charactercreator_mage VALUES(92,1,100);
INSERT INTO charactercreator_mage VALUES(93,1,100);
INSERT INTO charactercreator_mage VALUES(94,1,100);
INSERT INTO charactercreator_mage VALUES(95,1,100);
INSERT INTO charactercreator_mage VALUES(96,1,100);
INSERT INTO charactercreator_mage VALUES(97,1,100);
INSERT INTO charactercreator_mage VALUES(98,1,100);
INSERT INTO charactercreator_mage VALUES(99,1,100);
INSERT INTO charactercreator_mage VALUES(100,1,100);
INSERT INTO charactercreator_mage VALUES(101,1,100);
INSERT INTO charactercreator_mage VALUES(102,1,100);
INSERT INTO charactercreator_mage VALUES(103,1,100);
INSERT INTO charactercreator_mage VALUES(104,1,100);
INSERT INTO charactercreator_mage VALUES(105,1,100);
INSERT INTO charactercreator_mage VALUES(106,1,100);
INSERT INTO charactercreator_mage VALUES(107,1,100);
INSERT INTO charactercreator_mage VALUES(108,1,100);
INSERT INTO charactercreator_mage VALUES(109,1,100);
INSERT INTO charactercreator_mage VALUES(110,1,100);
INSERT INTO charactercreator_mage VALUES(111,1,100);
INSERT INTO charactercreator_mage VALUES(112,1,100);
INSERT INTO charactercreator_mage VALUES(113,1,100);
INSERT INTO charactercreator_mage VALUES(114,1,100);
INSERT INTO charactercreator_mage VALUES(115,1,100);
INSERT INTO charactercreator_mage VALUES(116,1,100);
INSERT INTO charactercreator_mage VALUES(117,1,100);
INSERT INTO charactercreator_mage VALUES(118,1,100);
INSERT INTO charactercreator_mage VALUES(119,1,100);
INSERT INTO charactercreator_mage VALUES(120,1,100);
INSERT INTO charactercreator_mage VALUES(121,1,100);
INSERT INTO charactercreator_mage VALUES(122,1,100);
INSERT INTO charactercreator_mage VALUES(123,1,100);
INSERT INTO charactercreator_mage VALUES(124,1,100);
INSERT INTO charactercreator_mage VALUES(125,1,100);
INSERT INTO charactercreator_mage VALUES(126,1,100);
INSERT INTO charactercreator_mage VALUES(127,1,100);
INSERT INTO charactercreator_mage VALUES(128,1,100);
INSERT INTO charactercreator_mage VALUES(129,1,100);
INSERT INTO charactercreator_mage VALUES(130,1,100);
INSERT INTO charactercreator_mage VALUES(131,1,100);
INSERT INTO charactercreator_mage VALUES(132,1,100);
INSERT INTO charactercreator_mage VALUES(133,1,100);
INSERT INTO charactercreator_mage VALUES(134,1,100);
INSERT INTO charactercreator_mage VALUES(135,1,100);
INSERT INTO charactercreator_mage VALUES(136,1,100);
INSERT INTO charactercreator_mage VALUES(137,1,100);
INSERT INTO charactercreator_mage VALUES(138,1,100);
INSERT INTO charactercreator_mage VALUES(139,1,100);
INSERT INTO charactercreator_mage VALUES(140,1,100);
INSERT INTO charactercreator_mage VALUES(141,1,100);
INSERT INTO charactercreator_mage VALUES(142,1,100);
INSERT INTO charactercreator_mage VALUES(143,1,100);
INSERT INTO charactercreator_mage VALUES(144,1,100);
INSERT INTO charactercreator_mage VALUES(145,1,100);
INSERT INTO charactercreator_mage VALUES(146,1,100);
INSERT INTO charactercreator_mage VALUES(147,1,100);
INSERT INTO charactercreator_mage VALUES(148,1,100);
INSERT INTO charactercreator_mage VALUES(149,1,100);
INSERT INTO charactercreator_mage VALUES(150,1,100);
INSERT INTO charactercreator_mage VALUES(151,1,100);
INSERT INTO charactercreator_mage VALUES(152,1,100);
INSERT INTO charactercreator_mage VALUES(153,1,100);
INSERT INTO charactercreator_mage VALUES(154,1,100);
INSERT INTO charactercreator_mage VALUES(155,1,100);
INSERT INTO charactercreator_mage VALUES(156,1,100);
INSERT INTO charactercreator_mage VALUES(157,1,100);
INSERT INTO charactercreator_mage VALUES(158,1,100);
INSERT INTO charactercreator_mage VALUES(159,1,100);
INSERT INTO charactercreator_mage VALUES(160,1,100);
INSERT INTO charactercreator_mage VALUES(161,1,100);
INSERT INTO charactercreator_mage VALUES(162,1,100);
INSERT INTO charactercreator_mage VALUES(163,1,100);
INSERT INTO charactercreator_mage VALUES(164,1,100);
INSERT INTO charactercreator_mage VALUES(165,1,100);
INSERT INTO charactercreator_mage VALUES(292,1,100);
INSERT INTO charactercreator_mage VALUES(293,1,100);
INSERT INTO charactercreator_mage VALUES(294,1,100);
INSERT INTO charactercreator_mage VALUES(295,1,100);
INSERT INTO charactercreator_mage VALUES(296,1,100);
INSERT INTO charactercreator_mage VALUES(297,1,100);
INSERT INTO charactercreator_mage VALUES(298,1,100);
INSERT INTO charactercreator_mage VALUES(299,1,100);
INSERT INTO charactercreator_mage VALUES(300,1,100);
INSERT INTO charactercreator_mage VALUES(301,1,100);
INSERT INTO charactercreator_mage VALUES(302,1,100);
CREATE TABLE IF NOT EXISTS "charactercreator_thief" ("character_ptr_id" integer NOT NULL PRIMARY KEY REFERENCES "charactercreator_character" ("character_id") DEFERRABLE INITIALLY DEFERRED, "is_sneaking" bool NOT NULL, "energy" integer NOT NULL);
INSERT INTO charactercreator_thief VALUES(241,0,100);
INSERT INTO charactercreator_thief VALUES(242,0,100);
INSERT INTO charactercreator_thief VALUES(243,0,100);
INSERT INTO charactercreator_thief VALUES(244,0,100);
INSERT INTO charactercreator_thief VALUES(245,0,100);
INSERT INTO charactercreator_thief VALUES(246,0,100);
INSERT INTO charactercreator_thief VALUES(247,0,100);
INSERT INTO charactercreator_thief VALUES(248,0,100);
INSERT INTO charactercreator_thief VALUES(249,0,100);
INSERT INTO charactercreator_thief VALUES(250,0,100);
INSERT INTO charactercreator_thief VALUES(251,0,100);
INSERT INTO charactercreator_thief VALUES(252,0,100);
INSERT INTO charactercreator_thief VALUES(253,0,100);
INSERT INTO charactercreator_thief VALUES(254,0,100);
INSERT INTO charactercreator_thief VALUES(255,0,100);
INSERT INTO charactercreator_thief VALUES(256,0,100);
INSERT INTO charactercreator_thief VALUES(257,0,100);
INSERT INTO charactercreator_thief VALUES(258,0,100);
INSERT INTO charactercreator_thief VALUES(259,0,100);
INSERT INTO charactercreator_thief VALUES(260,0,100);
INSERT INTO charactercreator_thief VALUES(261,0,100);
INSERT INTO charactercreator_thief VALUES(262,0,100);
INSERT INTO charactercreator_thief VALUES(263,0,100);
INSERT INTO charactercreator_thief VALUES(264,0,100);
INSERT INTO charactercreator_thief VALUES(265,0,100);
INSERT INTO charactercreator_thief VALUES(266,0,100);
INSERT INTO charactercreator_thief VALUES(267,0,100);
INSERT INTO charactercreator_thief VALUES(268,0,100);
INSERT INTO charactercreator_thief VALUES(269,0,100);
INSERT INTO charactercreator_thief VALUES(270,0,100);
INSERT INTO charactercreator_thief VALUES(271,0,100);
INSERT INTO charactercreator_thief VALUES(272,0,100);
INSERT INTO charactercreator_thief VALUES(273,0,100);
INSERT INTO charactercreator_thief VALUES(274,0,100);
INSERT INTO charactercreator_thief VALUES(275,0,100);
INSERT INTO charactercreator_thief VALUES(276,0,100);
INSERT INTO charactercreator_thief VALUES(277,0,100);
INSERT INTO charactercreator_thief VALUES(278,0,100);
INSERT INTO charactercreator_thief VALUES(279,0,100);
INSERT INTO charactercreator_thief VALUES(280,0,100);
INSERT INTO charactercreator_thief VALUES(281,0,100);
INSERT INTO charactercreator_thief VALUES(282,0,100);
INSERT INTO charactercreator_thief VALUES(283,0,100);
INSERT INTO charactercreator_thief VALUES(284,0,100);
INSERT INTO charactercreator_thief VALUES(285,0,100);
INSERT INTO charactercreator_thief VALUES(286,0,100);
INSERT INTO charactercreator_thief VALUES(287,0,100);
INSERT INTO charactercreator_thief VALUES(288,0,100);
INSERT INTO charactercreator_thief VALUES(289,0,100);
INSERT INTO charactercreator_thief VALUES(290,0,100);
INSERT INTO charactercreator_thief VALUES(291,0,100);
DELETE FROM sqlite_sequence;
INSERT INTO sqlite_sequence VALUES('django_migrations',17);
INSERT INTO sqlite_sequence VALUES('django_admin_log',0);
INSERT INTO sqlite_sequence VALUES('django_content_type',14);
INSERT INTO sqlite_sequence VALUES('auth_permission',42);
INSERT INTO sqlite_sequence VALUES('auth_user',0);
INSERT INTO sqlite_sequence VALUES('charactercreator_character',302);
INSERT INTO sqlite_sequence VALUES('armory_item',174);
INSERT INTO sqlite_sequence VALUES('charactercreator_character_inventory',898);
CREATE UNIQUE INDEX auth_group_permissions_group_id_permission_id_0cd325b0_uniq ON "auth_group_permissions" ("group_id", "permission_id");
CREATE INDEX "auth_group_permissions_group_id_b120cbf9" ON "auth_group_permissions" ("group_id");
CREATE INDEX "auth_group_permissions_permission_id_84c5c92e" ON "auth_group_permissions" ("permission_id");
CREATE UNIQUE INDEX auth_user_groups_user_id_group_id_94350c0c_uniq ON "auth_user_groups" ("user_id", "group_id");
CREATE INDEX "auth_user_groups_user_id_6a12ed8b" ON "auth_user_groups" ("user_id");
CREATE INDEX "auth_user_groups_group_id_97559544" ON "auth_user_groups" ("group_id");
CREATE UNIQUE INDEX auth_user_user_permissions_user_id_permission_id_14a6b632_uniq ON "auth_user_user_permissions" ("user_id", "permission_id");
CREATE INDEX "auth_user_user_permissions_user_id_a95ead1b" ON "auth_user_user_permissions" ("user_id");
CREATE INDEX "auth_user_user_permissions_permission_id_1fbb5f2c" ON "auth_user_user_permissions" ("permission_id");
CREATE INDEX "django_admin_log_content_type_id_c4bce8eb" ON "django_admin_log" ("content_type_id");
CREATE INDEX "django_admin_log_user_id_c564eba6" ON "django_admin_log" ("user_id");
CREATE UNIQUE INDEX django_content_type_app_label_model_76bd3d3b_uniq ON "django_content_type" ("app_label", "model");
CREATE UNIQUE INDEX auth_permission_content_type_id_codename_01ab375a_uniq ON "auth_permission" ("content_type_id", "codename");
CREATE INDEX "auth_permission_content_type_id_2f476e4b" ON "auth_permission" ("content_type_id");
CREATE UNIQUE INDEX charactercreator_character_inventory_character_id_item_id_8d6149ec_uniq ON "charactercreator_character_inventory" ("character_id", "item_id");
CREATE INDEX "charactercreator_character_inventory_character_id_007ee169" ON "charactercreator_character_inventory" ("character_id");
CREATE INDEX "charactercreator_character_inventory_item_id_7d42dc74" ON "charactercreator_character_inventory" ("item_id");
CREATE INDEX "django_session_expire_date_a5c62663" ON "django_session" ("expire_date");
COMMIT;
