BEGIN TRANSACTION;
CREATE TABLE IF NOT EXISTS "charactercreator_character" (
	"character_id"	SERIAL, /*integer NOT NULL PRIMARY KEY AUTOINCREMENT,*/
	"name"	varchar(30) NOT NULL,
	"level"	integer NOT NULL,
	"exp"	integer NOT NULL,
	"hp"	integer NOT NULL,
	"strength"	integer NOT NULL,
	"intelligence"	integer NOT NULL,
	"dexterity"	integer NOT NULL,
	"wisdom"	integer NOT NULL,
        PRIMARY KEY("character_id")
);
CREATE TABLE IF NOT EXISTS "armory_item" (
	"item_id"	SERIAL, /*integer NOT NULL PRIMARY KEY AUTOINCREMENT,*/
	"name"	varchar(30) NOT NULL,
	"value"	integer NOT NULL,
	"weight"	integer NOT NULL,
        PRIMARY KEY("item_id")
);
CREATE TABLE IF NOT EXISTS "django_content_type" (
	"id"	SERIAL, /*integer NOT NULL PRIMARY KEY AUTOINCREMENT,*/
	"app_label"	varchar(100) NOT NULL,
	"model"	varchar(100) NOT NULL,
        PRIMARY KEY("id")
);
CREATE TABLE IF NOT EXISTS "auth_group" (
	"id"	SERIAL, /*integer NOT NULL PRIMARY KEY AUTOINCREMENT,*/
	"name"	varchar(80) NOT NULL UNIQUE,
        PRIMARY KEY("id")
);
CREATE TABLE IF NOT EXISTS "charactercreator_thief" (
	"character_ptr_id"	integer NOT NULL,
	"is_sneaking"	/*bool*/ integer NOT NULL,
	"energy"	integer NOT NULL,
	FOREIGN KEY("character_ptr_id") REFERENCES "charactercreator_character"("character_id") DEFERRABLE INITIALLY DEFERRED,
	PRIMARY KEY("character_ptr_id")
);
CREATE TABLE IF NOT EXISTS "charactercreator_mage" (
	"character_ptr_id"	integer NOT NULL,
	"has_pet"	/*bool*/ integer NOT NULL,
	"mana"	integer NOT NULL,
	FOREIGN KEY("character_ptr_id") REFERENCES "charactercreator_character"("character_id") DEFERRABLE INITIALLY DEFERRED,
	PRIMARY KEY("character_ptr_id")
);
CREATE TABLE IF NOT EXISTS "charactercreator_fighter" (
	"character_ptr_id"	integer NOT NULL,
	"using_shield"	/*bool*/ integer NOT NULL,
	"rage"	integer NOT NULL,
	FOREIGN KEY("character_ptr_id") REFERENCES "charactercreator_character"("character_id") DEFERRABLE INITIALLY DEFERRED,
	PRIMARY KEY("character_ptr_id")
);
CREATE TABLE IF NOT EXISTS "charactercreator_cleric" (
	"character_ptr_id"	integer NOT NULL,
	"using_shield"	/*bool*/ integer NOT NULL,
	"mana"	integer NOT NULL,
	FOREIGN KEY("character_ptr_id") REFERENCES "charactercreator_character"("character_id") DEFERRABLE INITIALLY DEFERRED,
	PRIMARY KEY("character_ptr_id")
);
CREATE TABLE IF NOT EXISTS "django_session" (
	"session_key"	varchar(40) NOT NULL,
	"session_data"	text NOT NULL,
	"expire_date"	/*datetime*/ timestamptz NOT NULL,
	PRIMARY KEY("session_key")
);
CREATE TABLE IF NOT EXISTS "charactercreator_necromancer" (
	"mage_ptr_id"	integer NOT NULL,
	"talisman_charged"	/*bool*/ integer NOT NULL,
	FOREIGN KEY("mage_ptr_id") REFERENCES "charactercreator_mage"("character_ptr_id") DEFERRABLE INITIALLY DEFERRED,
	PRIMARY KEY("mage_ptr_id")
);
CREATE TABLE IF NOT EXISTS "charactercreator_character_inventory" (
	"id"	SERIAL, /*integer NOT NULL PRIMARY KEY AUTOINCREMENT,*/
	"character_id"	integer NOT NULL,
	"item_id"	integer NOT NULL,
	FOREIGN KEY("character_id") REFERENCES "charactercreator_character"("character_id") DEFERRABLE INITIALLY DEFERRED,
	FOREIGN KEY("item_id") REFERENCES "armory_item"("item_id") DEFERRABLE INITIALLY DEFERRED,
        PRIMARY KEY("id")
);
CREATE TABLE IF NOT EXISTS "auth_user" (
	"id"	SERIAL, /*integer NOT NULL PRIMARY KEY AUTOINCREMENT,*/
	"password"	varchar(128) NOT NULL,
	"last_login"	/*datetime,*/ timestamptz,
	"is_superuser"	/*bool*/ integer NOT NULL,
	"username"	varchar(150) NOT NULL UNIQUE,
	"first_name"	varchar(30) NOT NULL,
	"email"	varchar(254) NOT NULL,
	"is_staff"	/*bool*/ integer NOT NULL,
	"is_active"	/*bool*/ integer NOT NULL,
	"date_joined"	/*datetime*/ timestamptz NOT NULL,
	"last_name"	varchar(150) NOT NULL,
        PRIMARY KEY("id")
);
CREATE TABLE IF NOT EXISTS "auth_permission" (
	"id"	SERIAL, /*integer NOT NULL PRIMARY KEY AUTOINCREMENT,*/
	"content_type_id"	integer NOT NULL,
	"codename"	varchar(100) NOT NULL,
	"name"	varchar(255) NOT NULL,
	FOREIGN KEY("content_type_id") REFERENCES "django_content_type"("id") DEFERRABLE INITIALLY DEFERRED,
        PRIMARY KEY("id")
);
CREATE TABLE IF NOT EXISTS "armory_weapon" (
	"item_ptr_id"	integer NOT NULL,
	"power"	integer NOT NULL,
	FOREIGN KEY("item_ptr_id") REFERENCES "armory_item"("item_id") DEFERRABLE INITIALLY DEFERRED,
	PRIMARY KEY("item_ptr_id")
);
CREATE TABLE IF NOT EXISTS "django_admin_log" (
	"id"	SERIAL, /*integer NOT NULL PRIMARY KEY AUTOINCREMENT,*/
	"object_id"	text,
	"object_repr"	varchar(200) NOT NULL,
	"action_flag"	smallint /*unsigned*/ NOT NULL,
	"change_message"	text NOT NULL,
	"content_type_id"	integer,
	"user_id"	integer NOT NULL,
	"action_time"	/*datetime*/ timestamptz NOT NULL,
	FOREIGN KEY("content_type_id") REFERENCES "django_content_type"("id") DEFERRABLE INITIALLY DEFERRED,
	FOREIGN KEY("user_id") REFERENCES "auth_user"("id") DEFERRABLE INITIALLY DEFERRED,
        PRIMARY KEY("id")
);
CREATE TABLE IF NOT EXISTS "auth_user_user_permissions" (
	"id"	SERIAL, /*integer NOT NULL PRIMARY KEY AUTOINCREMENT,*/
	"user_id"	integer NOT NULL,
	"permission_id"	integer NOT NULL,
	FOREIGN KEY("permission_id") REFERENCES "auth_permission"("id") DEFERRABLE INITIALLY DEFERRED,
	FOREIGN KEY("user_id") REFERENCES "auth_user"("id") DEFERRABLE INITIALLY DEFERRED,
        PRIMARY KEY("id")
);
CREATE TABLE IF NOT EXISTS "auth_user_groups" (
	"id"	SERIAL, /*integer NOT NULL PRIMARY KEY AUTOINCREMENT,*/
	"user_id"	integer NOT NULL,
	"group_id"	integer NOT NULL,
	FOREIGN KEY("group_id") REFERENCES "auth_group"("id") DEFERRABLE INITIALLY DEFERRED,
	FOREIGN KEY("user_id") REFERENCES "auth_user"("id") DEFERRABLE INITIALLY DEFERRED,
        PRIMARY KEY("id")
);
CREATE TABLE IF NOT EXISTS "auth_group_permissions" (
	"id"	SERIAL, /*integer NOT NULL PRIMARY KEY AUTOINCREMENT,*/
	"group_id"	integer NOT NULL,
	"permission_id"	integer NOT NULL,
	FOREIGN KEY("permission_id") REFERENCES "auth_permission"("id") DEFERRABLE INITIALLY DEFERRED,
	FOREIGN KEY("group_id") REFERENCES "auth_group"("id") DEFERRABLE INITIALLY DEFERRED,
        PRIMARY KEY("id")
);
CREATE TABLE IF NOT EXISTS "django_migrations" (
	"id"	SERIAL, /*integer NOT NULL PRIMARY KEY AUTOINCREMENT,*/
	"app"	varchar(255) NOT NULL,
	"name"	varchar(255) NOT NULL,
	"applied"	/*datetime*/ timestamptz NOT NULL,
        PRIMARY KEY("id")
);
INSERT INTO "charactercreator_character" ("character_id","name","level","exp","hp","strength","intelligence","dexterity","wisdom") VALUES (1,'Aliquid iste optio reiciendi',0,0,10,1,1,1,1),
 (2,'Optio dolorem ex a',0,0,10,1,1,1,1),
 (3,'Minus c',0,0,10,1,1,1,1),
 (4,'Sit ut repr',0,0,10,1,1,1,1),
 (5,'At id recusandae expl',0,0,10,1,1,1,1),
 (6,'Non nobis et of',0,0,10,1,1,1,1),
 (7,'Perferendis',0,0,10,1,1,1,1),
 (8,'Accusantium amet quidem eve',0,0,10,1,1,1,1),
 (9,'Sed nostrum inventore error m',0,0,10,1,1,1,1),
 (10,'Harum repellendus omnis od',0,0,10,1,1,1,1),
 (11,'Itaque ut commodi,',0,0,10,1,1,1,1),
 (12,'Molestiae quis',0,0,10,1,1,1,1),
 (13,'Ali',0,0,10,1,1,1,1),
 (14,'Tempora quod optio possimus il',0,0,10,1,1,1,1),
 (15,'Sed itaque beatae pari',0,0,10,1,1,1,1),
 (16,'Quam dolor',0,0,10,1,1,1,1),
 (17,'Molestias expedita',0,0,10,1,1,1,1),
 (18,'Lauda',0,0,10,1,1,1,1),
 (19,'Incidunt sint perferen',0,0,10,1,1,1,1),
 (20,'Laboriosa',0,0,10,1,1,1,1),
 (21,'Dolore esse nesciunt fugit com',0,0,10,1,1,1,1),
 (22,'Dolorum nam reic',0,0,10,1,1,1,1),
 (23,'Repellat ad numquam volu',0,0,10,1,1,1,1),
 (24,'Facere enim velit eligend',0,0,10,1,1,1,1),
 (25,'Sed ratione quis rep',0,0,10,1,1,1,1),
 (26,'Doloribus neque',0,0,10,1,1,1,1),
 (27,'Ab voluptas se',0,0,10,1,1,1,1),
 (28,'Molestias m',0,0,10,1,1,1,1),
 (29,'In pariatur corpori',0,0,10,1,1,1,1),
 (30,'Possimus ad dignissimos vel, a',0,0,10,1,1,1,1),
 (31,'At minus accusa',0,0,10,1,1,1,1),
 (32,'Ad necess',0,0,10,1,1,1,1),
 (33,'Expedita c',0,0,10,1,1,1,1),
 (34,'Voluptates sunt voluptas volu',0,0,10,1,1,1,1),
 (35,'Autem mollitia fuga lauda',0,0,10,1,1,1,1),
 (36,'Sint quibusdam ob',0,0,10,1,1,1,1),
 (37,'Rerum et o',0,0,10,1,1,1,1),
 (38,'Doloribus dolore r',0,0,10,1,1,1,1),
 (39,'Eaque su',0,0,10,1,1,1,1),
 (40,'Vel molestias numqua',0,0,10,1,1,1,1),
 (41,'Iste assumenda repellat q',0,0,10,1,1,1,1),
 (42,'Animi labo',0,0,10,1,1,1,1),
 (43,'Eum culpa eaque ea omn',0,0,10,1,1,1,1),
 (44,'Harum provident vel quam',0,0,10,1,1,1,1),
 (45,'Aspe',0,0,10,1,1,1,1),
 (46,'Nisi nequ',0,0,10,1,1,1,1),
 (47,'Quod tempora',0,0,10,1,1,1,1),
 (48,'Porro aliq',0,0,10,1,1,1,1),
 (49,'Quas',0,0,10,1,1,1,1),
 (50,'Magnam eligendi quia animi',0,0,10,1,1,1,1),
 (51,'Officiis se',0,0,10,1,1,1,1),
 (52,'Id assumend',0,0,10,1,1,1,1),
 (53,'Voluptatibus fu',0,0,10,1,1,1,1),
 (54,'Odit rat',0,0,10,1,1,1,1),
 (55,'Debit',0,0,10,1,1,1,1),
 (56,'Cum aut quas repudia',0,0,10,1,1,1,1),
 (57,'Deleniti qui quae quidem',0,0,10,1,1,1,1),
 (58,'Adipisci voluptas',0,0,10,1,1,1,1),
 (59,'Debitis sit ratione eos nam',0,0,10,1,1,1,1),
 (60,'Esse illo molestias archi',0,0,10,1,1,1,1),
 (61,'Sunt at itaque voluptatum d',0,0,10,1,1,1,1),
 (62,'Est totam',0,0,10,1,1,1,1),
 (63,'Reprehenderit commodi eius',0,0,10,1,1,1,1),
 (64,'Debit',0,0,10,1,1,1,1),
 (65,'Soluta dol',0,0,10,1,1,1,1),
 (66,'Vel nesc',0,0,10,1,1,1,1),
 (67,'Ratione quia ali',0,0,10,1,1,1,1),
 (68,'Rerum recusandae minima',0,0,10,1,1,1,1),
 (69,'Totam natus eius fugiat volu',0,0,10,1,1,1,1),
 (70,'Perferendis commodi null',0,0,10,1,1,1,1),
 (71,'Laudantiu',0,0,10,1,1,1,1),
 (72,'Voluptat',0,0,10,1,1,1,1),
 (73,'Incidunt nesciun',0,0,10,1,1,1,1),
 (74,'Illum amet vero',0,0,10,1,1,1,1),
 (75,'Suscipit exercitationem re',0,0,10,1,1,1,1),
 (76,'Quas enim error maxime nisi m',0,0,10,1,1,1,1),
 (77,'Labore qu',0,0,10,1,1,1,1),
 (78,'Repudiandae deleniti unde',0,0,10,1,1,1,1),
 (79,'Ut do',0,0,10,1,1,1,1),
 (80,'Quaerat esse labore q',0,0,10,1,1,1,1),
 (81,'Quidem aliq',0,0,10,1,1,1,1),
 (82,'Aperiam vitae eos dolor sed',0,0,10,1,1,1,1),
 (83,'Minus nobis porro',0,0,10,1,1,1,1),
 (84,'In similique',0,0,10,1,1,1,1),
 (85,'Culpa repellat unde',0,0,10,1,1,1,1),
 (86,'Architecto i',0,0,10,1,1,1,1),
 (87,'A sed pariatur qua',0,0,10,1,1,1,1),
 (88,'Tempore assumenda aperiam',0,0,10,1,1,1,1),
 (89,'Sed ullam tempora iusto co',0,0,10,1,1,1,1),
 (90,'Ipsa',0,0,10,1,1,1,1),
 (91,'Fugiat incidun',0,0,10,1,1,1,1),
 (92,'Molestiae of',0,0,10,1,1,1,1),
 (93,'Quae quisquam cons',0,0,10,1,1,1,1),
 (94,'Repellendus ea non facil',0,0,10,1,1,1,1),
 (95,'Quod non quibu',0,0,10,1,1,1,1),
 (96,'Numquam velit distinctio',0,0,10,1,1,1,1),
 (97,'Necessitatibus nihil ex debi',0,0,10,1,1,1,1),
 (98,'Velit tempore nemo, na',0,0,10,1,1,1,1),
 (99,'Nesciunt v',0,0,10,1,1,1,1),
 (100,'Dicta enim debitis accusantiu',0,0,10,1,1,1,1),
 (101,'Vitae a',0,0,10,1,1,1,1),
 (102,'Praesentium voluptas u',0,0,10,1,1,1,1),
 (103,'Unde ullam mollitia? Nu',0,0,10,1,1,1,1),
 (104,'Neque molestias qu',0,0,10,1,1,1,1),
 (105,'Officiis es',0,0,10,1,1,1,1),
 (106,'Beatae mi',0,0,10,1,1,1,1),
 (107,'Mollitia nam corporis temp',0,0,10,1,1,1,1),
 (108,'Repudiandae repellat i',0,0,10,1,1,1,1),
 (109,'Laboriosam',0,0,10,1,1,1,1),
 (110,'Nam minus amet',0,0,10,1,1,1,1),
 (111,'Harum quae volup',0,0,10,1,1,1,1),
 (112,'Impedit facere ulla',0,0,10,1,1,1,1),
 (113,'Enim',0,0,10,1,1,1,1),
 (114,'Dolore magni',0,0,10,1,1,1,1),
 (115,'Eaque at corpori',0,0,10,1,1,1,1),
 (116,'Fug',0,0,10,1,1,1,1),
 (117,'Dolorum laudanti',0,0,10,1,1,1,1),
 (118,'Perferendis nat',0,0,10,1,1,1,1),
 (119,'Cupidi',0,0,10,1,1,1,1),
 (120,'Commodi eius dicta digniss',0,0,10,1,1,1,1),
 (121,'Debitis eu',0,0,10,1,1,1,1),
 (122,'Nihil repella',0,0,10,1,1,1,1),
 (123,'Rem quasi minima hic sed anim',0,0,10,1,1,1,1),
 (124,'Sed ali',0,0,10,1,1,1,1),
 (125,'Earum vol',0,0,10,1,1,1,1),
 (126,'Inventore tempore com',0,0,10,1,1,1,1),
 (127,'Repell',0,0,10,1,1,1,1),
 (128,'Consequatur quis recusandae qu',0,0,10,1,1,1,1),
 (129,'Dolores ea velit mi',0,0,10,1,1,1,1),
 (130,'Atque blanditiis a aperiam',0,0,10,1,1,1,1),
 (131,'Reprehenderit sequi iu',0,0,10,1,1,1,1),
 (132,'Natus architecto eos, hic blan',0,0,10,1,1,1,1),
 (133,'Ipsa illo quas',0,0,10,1,1,1,1),
 (134,'Voluptas ali',0,0,10,1,1,1,1),
 (135,'Voluptates obcaecati quod e',0,0,10,1,1,1,1),
 (136,'Dolor adipisci a voluptate',0,0,10,1,1,1,1),
 (137,'Repellendus natus quae, n',0,0,10,1,1,1,1),
 (138,'Laudantium earum nam in dol',0,0,10,1,1,1,1),
 (139,'Molestias face',0,0,10,1,1,1,1),
 (140,'Maiores suscipit exc',0,0,10,1,1,1,1),
 (141,'Illum dolore perferen',0,0,10,1,1,1,1),
 (142,'Explicabo recusandae ma',0,0,10,1,1,1,1),
 (143,'Odio obcaecati hic nostrum n',0,0,10,1,1,1,1),
 (144,'Voluptate ali',0,0,10,1,1,1,1),
 (145,'Repudiandae vitae sapiente mol',0,0,10,1,1,1,1),
 (146,'Ipsam cumque',0,0,10,1,1,1,1),
 (147,'Fugiat quos alias eos dese',0,0,10,1,1,1,1),
 (148,'Eaque impe',0,0,10,1,1,1,1),
 (149,'Elige',0,0,10,1,1,1,1),
 (150,'Adip',0,0,10,1,1,1,1),
 (151,'Fuga nemo vel mo',0,0,10,1,1,1,1),
 (152,'Libero cumque impedit eveniet',0,0,10,1,1,1,1),
 (153,'Odio soluta',0,0,10,1,1,1,1),
 (154,'Vero nostrum duc',0,0,10,1,1,1,1),
 (155,'Repellend',0,0,10,1,1,1,1),
 (156,'Quod',0,0,10,1,1,1,1),
 (157,'Suscipit reiciend',0,0,10,1,1,1,1),
 (158,'Voluptat',0,0,10,1,1,1,1),
 (159,'Porro dolor fuga quam',0,0,10,1,1,1,1),
 (160,'Amet quo fugit aliquam sequi',0,0,10,1,1,1,1),
 (161,'Magni adipisci veritatis sit q',0,0,10,1,1,1,1),
 (162,'Debitis enim cumque cum qu',0,0,10,1,1,1,1),
 (163,'Dolorem eligend',0,0,10,1,1,1,1),
 (164,'Autem lib',0,0,10,1,1,1,1),
 (165,'Saepe assumenda perferendis f',0,0,10,1,1,1,1),
 (166,'Deserunt',0,0,10,1,1,1,1),
 (167,'Provident soluta simil',0,0,10,1,1,1,1),
 (168,'In accu',0,0,10,1,1,1,1),
 (169,'Inve',0,0,10,1,1,1,1),
 (170,'Placeat sapiente',0,0,10,1,1,1,1),
 (171,'Ducimus architecto ullam',0,0,10,1,1,1,1),
 (172,'Voluptate tempora rerum',0,0,10,1,1,1,1),
 (173,'Totam incidunt earum perspicia',0,0,10,1,1,1,1),
 (174,'Optio quas e',0,0,10,1,1,1,1),
 (175,'Ab illum invento',0,0,10,1,1,1,1),
 (176,'Repellat quis natus totam, s',0,0,10,1,1,1,1),
 (177,'Est voluptate accusantium tem',0,0,10,1,1,1,1),
 (178,'Beatae q',0,0,10,1,1,1,1),
 (179,'Velit',0,0,10,1,1,1,1),
 (180,'Minus nequ',0,0,10,1,1,1,1),
 (181,'Autem eos voluptates off',0,0,10,1,1,1,1),
 (182,'Vel fug',0,0,10,1,1,1,1),
 (183,'Architecto repudian',0,0,10,1,1,1,1),
 (184,'Opti',0,0,10,1,1,1,1),
 (185,'Iust',0,0,10,1,1,1,1),
 (186,'Sapiente',0,0,10,1,1,1,1),
 (187,'Officiis repellat corrupti su',0,0,10,1,1,1,1),
 (188,'Dicta et natus e',0,0,10,1,1,1,1),
 (189,'At quos',0,0,10,1,1,1,1),
 (190,'Laborum ven',0,0,10,1,1,1,1),
 (191,'Exceptur',0,0,10,1,1,1,1),
 (192,'Reiciendis assumenda dolo',0,0,10,1,1,1,1),
 (193,'Poss',0,0,10,1,1,1,1),
 (194,'Acc',0,0,10,1,1,1,1),
 (195,'Placeat esse archit',0,0,10,1,1,1,1),
 (196,'Enim repellendus nihil est te',0,0,10,1,1,1,1),
 (197,'Ipsam incidunt t',0,0,10,1,1,1,1),
 (198,'Iure',0,0,10,1,1,1,1),
 (199,'Illo en',0,0,10,1,1,1,1),
 (200,'A rem ex',0,0,10,1,1,1,1),
 (201,'Officiis su',0,0,10,1,1,1,1),
 (202,'Numquam molestias',0,0,10,1,1,1,1),
 (203,'Voluptates unde',0,0,10,1,1,1,1),
 (204,'Quae praesentium vel',0,0,10,1,1,1,1),
 (205,'Quas',0,0,10,1,1,1,1),
 (206,'Dolores aliquid inv',0,0,10,1,1,1,1),
 (207,'Mollitia tempore laborum eaqu',0,0,10,1,1,1,1),
 (208,'Nobis voluptates fugiat quia',0,0,10,1,1,1,1),
 (209,'Similique dolorem dolore maio',0,0,10,1,1,1,1),
 (210,'Sapiente',0,0,10,1,1,1,1),
 (211,'Officia nisi dolore',0,0,10,1,1,1,1),
 (212,'Distinctio',0,0,10,1,1,1,1),
 (213,'Eos quia dignissimos saepe vel',0,0,10,1,1,1,1),
 (214,'Ullam neque sint eligendi',0,0,10,1,1,1,1),
 (215,'Excepturi deleniti ab a',0,0,10,1,1,1,1),
 (216,'Accusa',0,0,10,1,1,1,1),
 (217,'Reiciendis laboriosam di',0,0,10,1,1,1,1),
 (218,'Delectus ex',0,0,10,1,1,1,1),
 (219,'Pari',0,0,10,1,1,1,1),
 (220,'Veritatis velit facilis iste',0,0,10,1,1,1,1),
 (221,'Dol',0,0,10,1,1,1,1),
 (222,'Qui iste pr',0,0,10,1,1,1,1),
 (223,'Deleni',0,0,10,1,1,1,1),
 (224,'Reprehenderit volu',0,0,10,1,1,1,1),
 (225,'Accusantium vitae n',0,0,10,1,1,1,1),
 (226,'Natus consequatur incidun',0,0,10,1,1,1,1),
 (227,'Dignissimos a',0,0,10,1,1,1,1),
 (228,'Vitae modi',0,0,10,1,1,1,1),
 (229,'Accusantium qu',0,0,10,1,1,1,1),
 (230,'Reiciendis dignissimos ratio',0,0,10,1,1,1,1),
 (231,'Expedita provident natus volup',0,0,10,1,1,1,1),
 (232,'Rerum repellat voluptas c',0,0,10,1,1,1,1),
 (233,'Maiores quos incidunt dolor',0,0,10,1,1,1,1),
 (234,'Aper',0,0,10,1,1,1,1),
 (235,'Nulla',0,0,10,1,1,1,1),
 (236,'Laudantium tempora itaque',0,0,10,1,1,1,1),
 (237,'Reprehenderit',0,0,10,1,1,1,1),
 (238,'Aliqu',0,0,10,1,1,1,1),
 (239,'Odio harum nam mole',0,0,10,1,1,1,1),
 (240,'Arc',0,0,10,1,1,1,1),
 (241,'Reprehenderit li',0,0,10,1,1,1,1),
 (242,'Repr',0,0,10,1,1,1,1),
 (243,'Optio m',0,0,10,1,1,1,1),
 (244,'Esse odit amet rep',0,0,10,1,1,1,1),
 (245,'Provident nostrum minima',0,0,10,1,1,1,1),
 (246,'Ex nihil quae facilis a omni',0,0,10,1,1,1,1),
 (247,'Dolorem quaerat sunt',0,0,10,1,1,1,1),
 (248,'Distinctio',0,0,10,1,1,1,1),
 (249,'Repudiandae ip',0,0,10,1,1,1,1),
 (250,'Iste debitis dolorum amet m',0,0,10,1,1,1,1),
 (251,'Non qui vo',0,0,10,1,1,1,1),
 (252,'Dolorem ma',0,0,10,1,1,1,1),
 (253,'Molestias labore tempore ita',0,0,10,1,1,1,1),
 (254,'Vol',0,0,10,1,1,1,1),
 (255,'Adipisci molest',0,0,10,1,1,1,1),
 (256,'Omni',0,0,10,1,1,1,1),
 (257,'Voluptatibus dolor',0,0,10,1,1,1,1),
 (258,'Quo',0,0,10,1,1,1,1),
 (259,'Atque aspernatur possi',0,0,10,1,1,1,1),
 (260,'Ullam c',0,0,10,1,1,1,1),
 (261,'Iusto quas voluptatibu',0,0,10,1,1,1,1),
 (262,'Optio qui sunt dolores, ab',0,0,10,1,1,1,1),
 (263,'Illum recusandae nulla re',0,0,10,1,1,1,1),
 (264,'Verita',0,0,10,1,1,1,1),
 (265,'Expedita quod blanditiis',0,0,10,1,1,1,1),
 (266,'Mag',0,0,10,1,1,1,1),
 (267,'Omnis quos aspernatur d',0,0,10,1,1,1,1),
 (268,'Sunt impedit co',0,0,10,1,1,1,1),
 (269,'Minima quam ea ad',0,0,10,1,1,1,1),
 (270,'Suscipit quidem e',0,0,10,1,1,1,1),
 (271,'Harum',0,0,10,1,1,1,1),
 (272,'Dolore laborum ips',0,0,10,1,1,1,1),
 (273,'Magni veniam earum corporis',0,0,10,1,1,1,1),
 (274,'Optio',0,0,10,1,1,1,1),
 (275,'Nam fugit vel.',0,0,10,1,1,1,1),
 (276,'Ut numquam quam eum, alias ius',0,0,10,1,1,1,1),
 (277,'Error amet tempore nulla',0,0,10,1,1,1,1),
 (278,'Deserunt a',0,0,10,1,1,1,1),
 (279,'Aperiam sit',0,0,10,1,1,1,1),
 (280,'Asperi',0,0,10,1,1,1,1),
 (281,'Similique aperiam earum expli',0,0,10,1,1,1,1),
 (282,'Iure h',0,0,10,1,1,1,1),
 (283,'At sint ducimus nostrum i',0,0,10,1,1,1,1),
 (284,'Reprehenderit temporib',0,0,10,1,1,1,1),
 (285,'Molestiae quaerat maxim',0,0,10,1,1,1,1),
 (286,'Maior',0,0,10,1,1,1,1),
 (287,'Unde natus ut ipsa cupi',0,0,10,1,1,1,1),
 (288,'Praesentium atque ear',0,0,10,1,1,1,1),
 (289,'Rem minima',0,0,10,1,1,1,1),
 (290,'Provident sed soluta, sed si',0,0,10,1,1,1,1),
 (291,'Natus quia veritatis',0,0,10,1,1,1,1),
 (292,'Vero a',0,0,10,1,1,1,1),
 (293,'Optio harum labori',0,0,10,1,1,1,1),
 (294,'Duci',0,0,10,1,1,1,1),
 (295,'Ipsa elige',0,0,10,1,1,1,1),
 (296,'Sunt blanditiis i',0,0,10,1,1,1,1),
 (297,'Doloremque',0,0,10,1,1,1,1),
 (298,'Autem ratione vitae quos, do',0,0,10,1,1,1,1),
 (299,'Voluptatibus aliquid',0,0,10,1,1,1,1),
 (300,'Quaerat sequi sit eius corpori',0,0,10,1,1,1,1),
 (301,'Libe',0,0,10,1,1,1,1),
 (302,'Aliquam n',0,0,10,1,1,1,1);
INSERT INTO "armory_item" ("item_id","name","value","weight") VALUES (1,'Libero facere dolore, as',0,0),
 (2,'Qui',0,0),
 (3,'Laborios',0,0),
 (4,'Quibusdam illo deserunt ea',0,0),
 (5,'Quod eveniet i',0,0),
 (6,'Qui odio beata',0,0),
 (7,'Omnis',0,0),
 (8,'Saepe ea vo',0,0),
 (9,'Vel illo sed',0,0),
 (10,'Pariatur hic iste m',0,0),
 (11,'Eum illo expedita',0,0),
 (12,'Laudantium recusand',0,0),
 (13,'Molesti',0,0),
 (14,'Veniam fuga n',0,0),
 (15,'Animi molestias possimus nihil',0,0),
 (16,'Assu',0,0),
 (17,'Officiis',0,0),
 (18,'Consectetur deleniti cupi',0,0),
 (19,'Explicabo',0,0),
 (20,'Dolores rem v',0,0),
 (21,'Sit rerum err',0,0),
 (22,'Sapiente numquam qu',0,0),
 (23,'Nam ab illum culpa corporis fu',0,0),
 (24,'Blanditiis obcaecat',0,0),
 (25,'Ex',0,0),
 (26,'Assumenda nam i',0,0),
 (27,'Distinctio mini',0,0),
 (28,'Impedit libero id modi eos vol',0,0),
 (29,'In p',0,0),
 (30,'Possimus quae elig',0,0),
 (31,'Vitae nulla praesentium magnam',0,0),
 (32,'Ipsam placeat e',0,0),
 (33,'Corporis ani',0,0),
 (34,'Eius cum quis',0,0),
 (35,'Suscip',0,0),
 (36,'Soluta consequatur dolore',0,0),
 (37,'Perferendis corr',0,0),
 (38,'Reprehen',0,0),
 (39,'Eveniet impedi',0,0),
 (40,'Accusamus reprehenderit beata',0,0),
 (41,'Beatae do',0,0),
 (42,'Error maiores nulla',0,0),
 (43,'Tempore',0,0),
 (44,'Culpa nemo vol',0,0),
 (45,'Repellat iusto quam reprehen',0,0),
 (46,'Exp',0,0),
 (47,'Animi dolor at est',0,0),
 (48,'Labore a consecte',0,0),
 (49,'Sed quo corpor',0,0),
 (50,'Officia asperiores obcaecati d',0,0),
 (51,'Ipsam',0,0),
 (52,'Molestiae veniam',0,0),
 (53,'Perferendis repudiandae labo',0,0),
 (54,'Similique totam quasi ipsa ex',0,0),
 (55,'Velit voluptatem',0,0),
 (56,'Harum voluptatum ius',0,0),
 (57,'Ex libero soluta',0,0),
 (58,'Quos re',0,0),
 (59,'Deleniti quas explica',0,0),
 (60,'Porro molliti',0,0),
 (61,'Enim laboriosam quae',0,0),
 (62,'Natus rem repellat quas assum',0,0),
 (63,'Quasi re',0,0),
 (64,'Laudantium c',0,0),
 (65,'Quos blanditiis nost',0,0),
 (66,'Quisquam ut cupiditate',0,0),
 (67,'Eaque nemo velit nece',0,0),
 (68,'Repudiandae',0,0),
 (69,'Minus illum vo',0,0),
 (70,'Minus repell',0,0),
 (71,'Quia quasi labo',0,0),
 (72,'Eligendi fuga mol',0,0),
 (73,'Beatae ita',0,0),
 (74,'Quo sunt laudantium al',0,0),
 (75,'Ist',0,0),
 (76,'Voluptatem laborum dicta cum',0,0),
 (77,'Corporis obcaecati ven',0,0),
 (78,'Neque quae eum dign',0,0),
 (79,'Dolorem quam neque, amet cum e',0,0),
 (80,'Rem expedit',0,0),
 (81,'Est sapiente iusto minus quam',0,0),
 (82,'Atque laudantium dolor q',0,0),
 (83,'Accusan',0,0),
 (84,'Consectetur error o',0,0),
 (85,'Alias laboriosam sapiente e',0,0),
 (86,'Doloribus animi perspiciatis',0,0),
 (87,'Hic possimus qua',0,0),
 (88,'Unde quaerat tenetur',0,0),
 (89,'Facere reprehenderit v',0,0),
 (90,'Aperiam consequuntu',0,0),
 (91,'Quis expedita ip',0,0),
 (92,'Ea vel deserunt aspernat',0,0),
 (93,'Natus',0,0),
 (94,'Optio iusto laboriosam te',0,0),
 (95,'Laborios',0,0),
 (96,'Commodi deserunt in illo',0,0),
 (97,'Ad numquam dicta cons',0,0),
 (98,'Aliquid aliquam velit reru',0,0),
 (99,'Facere q',0,0),
 (100,'Incidunt libero assumen',0,0),
 (101,'Earum suscipit ea voluptates i',0,0),
 (102,'Sint dolorum',0,0),
 (103,'Incidunt fugiat ea, ea',0,0),
 (104,'Molestiae r',0,0),
 (105,'Voluptatem labore laboriosa',0,0),
 (106,'Et ducimus cumque aut perspic',0,0),
 (107,'Corrupti ap',0,0),
 (108,'Perferendis nesciunt quae dolo',0,0),
 (109,'Sunt doloremque recusanda',0,0),
 (110,'Deleniti similique obc',0,0),
 (111,'Numquam tempor',0,0),
 (112,'Quibusdam deleniti quasi provi',0,0),
 (113,'Accusamus exercitat',0,0),
 (114,'Error eveniet ipsum, expedi',0,0),
 (115,'Sapiente do',0,0),
 (116,'Fuga necessitatibus',0,0),
 (117,'Nam excepturi placeat asperna',0,0),
 (118,'Dolore fugit itaq',0,0),
 (119,'Beatae ve',0,0),
 (120,'Blanditiis corporis exerci',0,0),
 (121,'Nesciunt quia nobi',0,0),
 (122,'Quisquam e',0,0),
 (123,'Illo q',0,0),
 (124,'Repellat voluptates ea,',0,0),
 (125,'Labore architecto tempora d',0,0),
 (126,'Porro impedit enim earum nam n',0,0),
 (127,'Evenie',0,0),
 (128,'Similique do',0,0),
 (129,'Quos voluptates at n',0,0),
 (130,'Neq',0,0),
 (131,'Neq',0,0),
 (132,'Optio dolore itaque',0,0),
 (133,'Libero saepe accusantium',0,0),
 (134,'Illum nequ',0,0),
 (135,'Culpa accusantium fugit id',0,0),
 (136,'Fugit pariatur vero nesciu',0,0),
 (137,'Numqu',0,0),
 (138,'Corrupti sit at cum',0,0),
 (139,'Est fugit incidunt co',0,0),
 (140,'Quos nihil quibusdam',0,0),
 (141,'Sit quidem tempora doloribus r',0,0),
 (142,'Amet vel distinctio mo',0,0),
 (143,'Illum eaque atque recusand',0,0),
 (144,'Dignissi',0,0),
 (145,'Corporis fug',0,0),
 (146,'Sequi nesciunt',0,0),
 (147,'Facere neque qu',0,0),
 (148,'Corporis voluptas provi',0,0),
 (149,'Repella',0,0),
 (150,'Culpa cumque quo vel',0,0),
 (151,'Magni totam q',0,0),
 (152,'Illu',0,0),
 (153,'Sit quibusdam ab, enim in ex',0,0),
 (154,'Consequuntur at earum d',0,0),
 (155,'Voluptatum doloremque to',0,0),
 (156,'Expedita nam est in l',0,0),
 (157,'Repelle',0,0),
 (158,'Sit numqu',0,0),
 (159,'Ipsum sit praesentium cum ame',0,0),
 (160,'Totam delectus sed fugiat o',0,0),
 (161,'Doloremq',0,0),
 (162,'Id reprehenderit ullam rat',0,0),
 (163,'Dignissimos dolo',0,0),
 (164,'Inventore re',0,0),
 (165,'Nemo expl',0,0),
 (166,'Distinctio tene',0,0),
 (167,'Recusandae fug',0,0),
 (168,'Officiis illo cum acc',0,0),
 (169,'Repudiandae molestias be',0,0),
 (170,'Iure nob',0,0),
 (171,'Ea dolor exercitation',0,0),
 (172,'Omnis maxime deserunt',0,0),
 (173,'Eum error eveni',0,0),
 (174,'Atque repudiandae molestiae v',0,0);
INSERT INTO "django_content_type" ("id","app_label","model") VALUES (1,'admin','logentry'),
 (2,'auth','user'),
 (3,'auth','group'),
 (4,'auth','permission'),
 (5,'contenttypes','contenttype'),
 (6,'sessions','session'),
 (7,'armory','item'),
 (8,'armory','weapon'),
 (9,'charactercreator','character'),
 (10,'charactercreator','mage'),
 (11,'charactercreator','thief'),
 (12,'charactercreator','cleric'),
 (13,'charactercreator','fighter'),
 (14,'charactercreator','necromancer');
INSERT INTO "charactercreator_thief" ("character_ptr_id","is_sneaking","energy") VALUES (241,0,100),
 (242,0,100),
 (243,0,100),
 (244,0,100),
 (245,0,100),
 (246,0,100),
 (247,0,100),
 (248,0,100),
 (249,0,100),
 (250,0,100),
 (251,0,100),
 (252,0,100),
 (253,0,100),
 (254,0,100),
 (255,0,100),
 (256,0,100),
 (257,0,100),
 (258,0,100),
 (259,0,100),
 (260,0,100),
 (261,0,100),
 (262,0,100),
 (263,0,100),
 (264,0,100),
 (265,0,100),
 (266,0,100),
 (267,0,100),
 (268,0,100),
 (269,0,100),
 (270,0,100),
 (271,0,100),
 (272,0,100),
 (273,0,100),
 (274,0,100),
 (275,0,100),
 (276,0,100),
 (277,0,100),
 (278,0,100),
 (279,0,100),
 (280,0,100),
 (281,0,100),
 (282,0,100),
 (283,0,100),
 (284,0,100),
 (285,0,100),
 (286,0,100),
 (287,0,100),
 (288,0,100),
 (289,0,100),
 (290,0,100),
 (291,0,100);
INSERT INTO "charactercreator_mage" ("character_ptr_id","has_pet","mana") VALUES (69,1,100),
 (70,1,100),
 (71,1,100),
 (72,1,100),
 (73,1,100),
 (74,1,100),
 (75,1,100),
 (76,1,100),
 (77,1,100),
 (78,1,100),
 (79,1,100),
 (80,1,100),
 (81,1,100),
 (82,1,100),
 (83,1,100),
 (84,1,100),
 (85,1,100),
 (86,1,100),
 (87,1,100),
 (88,1,100),
 (89,1,100),
 (90,1,100),
 (91,1,100),
 (92,1,100),
 (93,1,100),
 (94,1,100),
 (95,1,100),
 (96,1,100),
 (97,1,100),
 (98,1,100),
 (99,1,100),
 (100,1,100),
 (101,1,100),
 (102,1,100),
 (103,1,100),
 (104,1,100),
 (105,1,100),
 (106,1,100),
 (107,1,100),
 (108,1,100),
 (109,1,100),
 (110,1,100),
 (111,1,100),
 (112,1,100),
 (113,1,100),
 (114,1,100),
 (115,1,100),
 (116,1,100),
 (117,1,100),
 (118,1,100),
 (119,1,100),
 (120,1,100),
 (121,1,100),
 (122,1,100),
 (123,1,100),
 (124,1,100),
 (125,1,100),
 (126,1,100),
 (127,1,100),
 (128,1,100),
 (129,1,100),
 (130,1,100),
 (131,1,100),
 (132,1,100),
 (133,1,100),
 (134,1,100),
 (135,1,100),
 (136,1,100),
 (137,1,100),
 (138,1,100),
 (139,1,100),
 (140,1,100),
 (141,1,100),
 (142,1,100),
 (143,1,100),
 (144,1,100),
 (145,1,100),
 (146,1,100),
 (147,1,100),
 (148,1,100),
 (149,1,100),
 (150,1,100),
 (151,1,100),
 (152,1,100),
 (153,1,100),
 (154,1,100),
 (155,1,100),
 (156,1,100),
 (157,1,100),
 (158,1,100),
 (159,1,100),
 (160,1,100),
 (161,1,100),
 (162,1,100),
 (163,1,100),
 (164,1,100),
 (165,1,100),
 (292,1,100),
 (293,1,100),
 (294,1,100),
 (295,1,100),
 (296,1,100),
 (297,1,100),
 (298,1,100),
 (299,1,100),
 (300,1,100),
 (301,1,100),
 (302,1,100);
INSERT INTO "charactercreator_fighter" ("character_ptr_id","using_shield","rage") VALUES (1,0,100),
 (2,0,100),
 (3,0,100),
 (4,0,100),
 (5,0,100),
 (6,0,100),
 (7,0,100),
 (8,0,100),
 (9,0,100),
 (10,0,100),
 (11,0,100),
 (12,0,100),
 (13,0,100),
 (14,0,100),
 (15,0,100),
 (16,0,100),
 (17,0,100),
 (18,0,100),
 (19,0,100),
 (20,0,100),
 (21,0,100),
 (22,0,100),
 (23,0,100),
 (24,0,100),
 (25,0,100),
 (26,0,100),
 (27,0,100),
 (28,0,100),
 (29,0,100),
 (30,0,100),
 (31,0,100),
 (32,0,100),
 (33,0,100),
 (34,0,100),
 (35,0,100),
 (36,0,100),
 (37,0,100),
 (38,0,100),
 (39,0,100),
 (40,0,100),
 (41,0,100),
 (42,0,100),
 (43,0,100),
 (44,0,100),
 (45,0,100),
 (46,0,100),
 (47,0,100),
 (48,0,100),
 (49,0,100),
 (50,0,100),
 (51,0,100),
 (52,0,100),
 (53,0,100),
 (54,0,100),
 (55,0,100),
 (56,0,100),
 (57,0,100),
 (58,0,100),
 (59,0,100),
 (60,0,100),
 (61,0,100),
 (62,0,100),
 (63,0,100),
 (64,0,100),
 (65,0,100),
 (66,0,100),
 (67,0,100),
 (68,0,100);
INSERT INTO "charactercreator_cleric" ("character_ptr_id","using_shield","mana") VALUES (166,0,100),
 (167,0,100),
 (168,0,100),
 (169,0,100),
 (170,0,100),
 (171,0,100),
 (172,0,100),
 (173,0,100),
 (174,0,100),
 (175,0,100),
 (176,0,100),
 (177,0,100),
 (178,0,100),
 (179,0,100),
 (180,0,100),
 (181,0,100),
 (182,0,100),
 (183,0,100),
 (184,0,100),
 (185,0,100),
 (186,0,100),
 (187,0,100),
 (188,0,100),
 (189,0,100),
 (190,0,100),
 (191,0,100),
 (192,0,100),
 (193,0,100),
 (194,0,100),
 (195,0,100),
 (196,0,100),
 (197,0,100),
 (198,0,100),
 (199,0,100),
 (200,0,100),
 (201,0,100),
 (202,0,100),
 (203,0,100),
 (204,0,100),
 (205,0,100),
 (206,0,100),
 (207,0,100),
 (208,0,100),
 (209,0,100),
 (210,0,100),
 (211,0,100),
 (212,0,100),
 (213,0,100),
 (214,0,100),
 (215,0,100),
 (216,0,100),
 (217,0,100),
 (218,0,100),
 (219,0,100),
 (220,0,100),
 (221,0,100),
 (222,0,100),
 (223,0,100),
 (224,0,100),
 (225,0,100),
 (226,0,100),
 (227,0,100),
 (228,0,100),
 (229,0,100),
 (230,0,100),
 (231,0,100),
 (232,0,100),
 (233,0,100),
 (234,0,100),
 (235,0,100),
 (236,0,100),
 (237,0,100),
 (238,0,100),
 (239,0,100),
 (240,0,100);
INSERT INTO "charactercreator_necromancer" ("mage_ptr_id","talisman_charged") VALUES (292,1),
 (293,1),
 (294,1),
 (295,1),
 (296,1),
 (297,1),
 (298,1),
 (299,1),
 (300,1),
 (301,1),
 (302,1);
INSERT INTO "charactercreator_character_inventory" ("id","character_id","item_id") VALUES (1,1,58),
 (2,1,20),
 (3,1,85),
 (4,2,115),
 (5,2,93),
 (6,2,133),
 (7,3,8),
 (8,3,43),
 (9,4,82),
 (10,4,21),
 (11,4,85),
 (12,4,135),
 (13,5,96),
 (14,5,145),
 (15,5,140),
 (16,5,7),
 (17,6,93),
 (18,7,38),
 (19,7,42),
 (20,7,123),
 (21,7,85),
 (22,7,166),
 (23,8,48),
 (24,8,43),
 (25,8,119),
 (26,9,32),
 (27,9,106),
 (28,9,116),
 (29,9,125),
 (30,10,129),
 (31,10,131),
 (32,10,117),
 (33,10,135),
 (34,11,158),
 (35,11,108),
 (36,11,54),
 (37,12,65),
 (38,12,115),
 (39,12,126),
 (40,13,38),
 (41,13,44),
 (42,13,125),
 (43,13,62),
 (44,14,65),
 (45,14,34),
 (46,14,68),
 (47,14,41),
 (48,15,56),
 (49,15,74),
 (50,15,84),
 (51,15,34),
 (52,16,87),
 (53,17,136),
 (54,17,116),
 (55,17,64),
 (56,17,68),
 (57,17,128),
 (58,18,64),
 (59,18,17),
 (60,18,90),
 (61,18,60),
 (62,18,62),
 (63,19,113),
 (64,19,52),
 (65,19,5),
 (66,20,156),
 (67,21,33),
 (68,21,34),
 (69,21,51),
 (70,21,117),
 (71,22,41),
 (72,22,43),
 (73,22,164),
 (74,23,160),
 (75,23,33),
 (76,23,61),
 (77,24,8),
 (78,25,122),
 (79,25,50),
 (80,26,112),
 (81,26,149),
 (82,27,104),
 (83,27,172),
 (84,27,10),
 (85,27,148),
 (86,27,157),
 (87,28,51),
 (88,29,120),
 (89,29,170),
 (90,29,107),
 (91,29,157),
 (92,30,114),
 (93,30,69),
 (94,30,109),
 (95,30,138),
 (96,31,9),
 (97,31,61),
 (98,31,45),
 (99,32,142),
 (100,32,111),
 (101,33,64),
 (102,33,110),
 (103,34,160),
 (104,34,90),
 (105,34,132),
 (106,34,5),
 (107,35,3),
 (108,35,166),
 (109,35,101),
 (110,35,62),
 (111,35,165),
 (112,36,29),
 (113,36,153),
 (114,36,34),
 (115,36,155),
 (116,36,141),
 (117,37,169),
 (118,37,42),
 (119,37,20),
 (120,37,174),
 (121,37,54),
 (122,38,80),
 (123,38,146),
 (124,38,115),
 (125,38,124),
 (126,38,165),
 (127,39,168),
 (128,39,58),
 (129,39,150),
 (130,40,32),
 (131,40,26),
 (132,40,147),
 (133,41,168),
 (134,41,112),
 (135,42,65),
 (136,42,131),
 (137,42,92),
 (138,43,131),
 (139,44,38),
 (140,45,16),
 (141,45,66),
 (142,45,76),
 (143,45,12),
 (144,46,84),
 (145,47,136),
 (146,47,161),
 (147,47,35),
 (148,47,94),
 (149,48,137),
 (150,48,45),
 (151,48,126),
 (152,48,47),
 (153,49,41),
 (154,49,2),
 (155,49,86),
 (156,49,113),
 (157,50,29),
 (158,51,73),
 (159,51,153),
 (160,51,79),
 (161,52,115),
 (162,52,131),
 (163,53,26),
 (164,53,170),
 (165,53,3),
 (166,53,54),
 (167,53,119),
 (168,54,55),
 (169,55,81),
 (170,55,49),
 (171,55,141),
 (172,55,160),
 (173,56,156),
 (174,57,168),
 (175,57,156),
 (176,57,36),
 (177,58,62),
 (178,58,5),
 (179,58,46),
 (180,58,159),
 (181,59,89),
 (182,59,166),
 (183,59,174),
 (184,59,87),
 (185,60,129),
 (186,60,130),
 (187,60,141),
 (188,60,87),
 (189,61,116),
 (190,61,95),
 (191,62,115),
 (192,63,19),
 (193,63,163),
 (194,63,5),
 (195,63,158),
 (196,63,151),
 (197,64,160),
 (198,64,66),
 (199,64,134),
 (200,65,8),
 (201,65,18),
 (202,65,116),
 (203,65,136),
 (204,65,157),
 (205,66,3),
 (206,66,113),
 (207,66,145),
 (208,66,123),
 (209,66,83),
 (210,67,89),
 (211,68,114),
 (212,68,147),
 (213,68,93),
 (214,68,54),
 (215,69,146),
 (216,69,43),
 (217,69,90),
 (218,70,139),
 (219,70,172),
 (220,70,151),
 (221,71,11),
 (222,71,83),
 (223,71,167),
 (224,72,128),
 (225,73,19),
 (226,74,106),
 (227,74,139),
 (228,75,99),
 (229,76,24),
 (230,77,2),
 (231,77,68),
 (232,77,133),
 (233,77,22),
 (234,78,25),
 (235,78,21),
 (236,78,141),
 (237,79,106),
 (238,80,8),
 (239,80,149),
 (240,80,102),
 (241,81,24),
 (242,81,155),
 (243,81,4),
 (244,81,101),
 (245,81,158),
 (246,82,136),
 (247,82,12),
 (248,82,93),
 (249,82,30),
 (250,83,9),
 (251,83,115),
 (252,83,101),
 (253,84,97),
 (254,84,162),
 (255,84,3),
 (256,84,143),
 (257,85,72),
 (258,85,65),
 (259,85,153),
 (260,85,116),
 (261,85,165),
 (262,86,24),
 (263,86,148),
 (264,86,20),
 (265,86,46),
 (266,86,15),
 (267,87,40),
 (268,88,97),
 (269,88,170),
 (270,88,137),
 (271,88,108),
 (272,89,91),
 (273,89,38),
 (274,90,4),
 (275,90,166),
 (276,91,128),
 (277,91,41),
 (278,91,51),
 (279,91,5),
 (280,91,135),
 (281,92,16),
 (282,92,59),
 (283,92,77),
 (284,92,95),
 (285,92,151),
 (286,93,131),
 (287,93,12),
 (288,93,5),
 (289,93,60),
 (290,94,73),
 (291,94,58),
 (292,94,139),
 (293,94,100),
 (294,95,99),
 (295,95,58),
 (296,95,67),
 (297,95,112),
 (298,95,14),
 (299,96,170),
 (300,96,130),
 (301,96,77),
 (302,96,142),
 (303,96,135),
 (304,97,72),
 (305,97,17),
 (306,97,101),
 (307,98,10),
 (308,98,87),
 (309,99,158),
 (310,100,40),
 (311,100,57),
 (312,100,146),
 (313,100,107),
 (314,100,85),
 (315,101,40),
 (316,101,170),
 (317,101,30),
 (318,101,22),
 (319,101,39),
 (320,102,26),
 (321,102,84),
 (322,102,52),
 (323,103,120),
 (324,103,113),
 (325,103,45),
 (326,103,158),
 (327,103,111),
 (328,104,64),
 (329,104,129),
 (330,104,122),
 (331,104,40),
 (332,104,71),
 (333,105,137),
 (334,105,146),
 (335,105,43),
 (336,106,112),
 (337,106,148),
 (338,106,126),
 (339,106,84),
 (340,107,116),
 (341,108,160),
 (342,108,75),
 (343,108,166),
 (344,108,47),
 (345,109,92),
 (346,110,90),
 (347,111,122),
 (348,112,157),
 (349,112,127),
 (350,113,142),
 (351,113,166),
 (352,114,10),
 (353,114,153),
 (354,114,50),
 (355,114,91),
 (356,114,61),
 (357,115,144),
 (358,115,10),
 (359,115,18),
 (360,115,68),
 (361,115,101),
 (362,116,20),
 (363,117,160),
 (364,117,116),
 (365,117,21),
 (366,117,15),
 (367,118,128),
 (368,118,9),
 (369,118,133),
 (370,118,174),
 (371,118,71),
 (372,119,1),
 (373,119,15),
 (374,119,95),
 (375,119,54),
 (376,119,31),
 (377,120,50),
 (378,120,91),
 (379,120,94),
 (380,121,59),
 (381,121,100),
 (382,121,63),
 (383,122,162),
 (384,122,87),
 (385,123,56),
 (386,123,90),
 (387,123,46),
 (388,124,98),
 (389,125,8),
 (390,125,131),
 (391,125,110),
 (392,126,162),
 (393,127,154),
 (394,127,171),
 (395,127,133),
 (396,128,138),
 (397,128,171),
 (398,128,111),
 (399,129,108),
 (400,129,138),
 (401,129,51),
 (402,129,4),
 (403,129,149),
 (404,130,63),
 (405,131,17),
 (406,131,147),
 (407,131,4),
 (408,132,16),
 (409,132,89),
 (410,132,133),
 (411,132,15),
 (412,133,8),
 (413,133,19),
 (414,133,28),
 (415,134,144),
 (416,134,132),
 (417,134,173),
 (418,134,127),
 (419,135,40),
 (420,135,72),
 (421,135,43),
 (422,135,20),
 (423,135,13),
 (424,136,18),
 (425,136,53),
 (426,136,166),
 (427,136,87),
 (428,137,101),
 (429,137,53),
 (430,137,55),
 (431,138,65),
 (432,138,69),
 (433,138,133),
 (434,139,174),
 (435,139,116),
 (436,139,109),
 (437,139,54),
 (438,139,23),
 (439,140,42),
 (440,140,103),
 (441,140,7),
 (442,141,171),
 (443,142,51),
 (444,142,50),
 (445,142,155),
 (446,142,173),
 (447,142,174),
 (448,143,152),
 (449,143,55),
 (450,144,117),
 (451,145,25),
 (452,145,26),
 (453,145,163),
 (454,145,116),
 (455,146,56),
 (456,146,18),
 (457,146,26),
 (458,146,106),
 (459,147,163),
 (460,148,26),
 (461,148,130),
 (462,148,147),
 (463,148,62),
 (464,149,128),
 (465,149,121),
 (466,149,142),
 (467,150,97),
 (468,150,134),
 (469,150,31),
 (470,151,57),
 (471,151,153),
 (472,151,87),
 (473,152,106),
 (474,152,5),
 (475,152,158),
 (476,153,160),
 (477,153,122),
 (478,153,20),
 (479,153,54),
 (480,154,1),
 (481,154,27),
 (482,154,69),
 (483,155,122),
 (484,155,90),
 (485,155,79),
 (486,155,15),
 (487,156,120),
 (488,156,162),
 (489,156,130),
 (490,156,29),
 (491,156,102),
 (492,157,110),
 (493,158,71),
 (494,159,40),
 (495,159,115),
 (496,159,86),
 (497,160,65),
 (498,160,53),
 (499,160,109),
 (500,160,174),
 (501,160,78),
 (502,161,83),
 (503,161,115),
 (504,162,136),
 (505,162,66),
 (506,163,65),
 (507,163,50),
 (508,163,21),
 (509,164,174),
 (510,165,121),
 (511,165,67),
 (512,165,157),
 (513,165,14),
 (514,165,149),
 (515,166,41),
 (516,166,126),
 (517,166,173),
 (518,166,94),
 (519,167,75),
 (520,167,53),
 (521,168,149),
 (522,169,143),
 (523,170,145),
 (524,170,67),
 (525,170,171),
 (526,170,94),
 (527,171,27),
 (528,171,83),
 (529,171,147),
 (530,171,98),
 (531,172,102),
 (532,172,54),
 (533,173,89),
 (534,173,110),
 (535,174,56),
 (536,174,46),
 (537,175,169),
 (538,175,67),
 (539,175,55),
 (540,176,162),
 (541,176,43),
 (542,176,119),
 (543,177,136),
 (544,177,3),
 (545,178,160),
 (546,178,95),
 (547,179,5),
 (548,179,71),
 (549,180,89),
 (550,181,64),
 (551,181,107),
 (552,181,99),
 (553,181,164),
 (554,181,7),
 (555,182,41),
 (556,183,144),
 (557,183,91),
 (558,183,147),
 (559,183,6),
 (560,184,32),
 (561,184,169),
 (562,184,98),
 (563,184,112),
 (564,185,106),
 (565,185,139),
 (566,185,50),
 (567,185,103),
 (568,186,140),
 (569,186,109),
 (570,187,133),
 (571,188,19),
 (572,188,51),
 (573,189,27),
 (574,190,66),
 (575,190,13),
 (576,190,30),
 (577,190,135),
 (578,191,147),
 (579,191,37),
 (580,191,133),
 (581,192,170),
 (582,192,166),
 (583,193,56),
 (584,193,58),
 (585,193,28),
 (586,193,173),
 (587,194,153),
 (588,194,13),
 (589,194,131),
 (590,194,34),
 (591,194,165),
 (592,195,22),
 (593,196,136),
 (594,196,18),
 (595,196,84),
 (596,196,167),
 (597,197,25),
 (598,197,130),
 (599,197,132),
 (600,197,125),
 (601,197,111),
 (602,198,168),
 (603,198,99),
 (604,198,60),
 (605,198,61),
 (606,198,95),
 (607,199,170),
 (608,199,164),
 (609,199,174),
 (610,200,75),
 (611,201,81),
 (612,201,9),
 (613,201,10),
 (614,201,53),
 (615,201,38),
 (616,202,123),
 (617,203,32),
 (618,204,48),
 (619,205,116),
 (620,205,63),
 (621,206,97),
 (622,206,172),
 (623,206,115),
 (624,206,140),
 (625,206,45),
 (626,207,71),
 (627,208,25),
 (628,208,7),
 (629,209,107),
 (630,210,27),
 (631,210,139),
 (632,210,102),
 (633,211,53),
 (634,212,83),
 (635,212,163),
 (636,213,116),
 (637,213,38),
 (638,214,135),
 (639,215,68),
 (640,216,123),
 (641,216,147),
 (642,216,134),
 (643,217,73),
 (644,217,145),
 (645,217,91),
 (646,218,168),
 (647,218,4),
 (648,219,71),
 (649,220,104),
 (650,220,9),
 (651,220,43),
 (652,220,97),
 (653,221,33),
 (654,221,68),
 (655,221,118),
 (656,221,71),
 (657,222,164),
 (658,222,53),
 (659,223,91),
 (660,223,163),
 (661,224,142),
 (662,225,26),
 (663,225,164),
 (664,225,78),
 (665,226,4),
 (666,226,15),
 (667,227,154),
 (668,227,148),
 (669,227,142),
 (670,227,103),
 (671,228,124),
 (672,228,38),
 (673,229,69),
 (674,229,54),
 (675,229,159),
 (676,230,39),
 (677,231,16),
 (678,231,1),
 (679,231,38),
 (680,232,56),
 (681,232,25),
 (682,232,48),
 (683,232,66),
 (684,233,153),
 (685,233,3),
 (686,233,60),
 (687,233,37),
 (688,233,55),
 (689,234,11),
 (690,235,64),
 (691,235,105),
 (692,235,28),
 (693,235,36),
 (694,235,53),
 (695,236,96),
 (696,237,39),
 (697,238,129),
 (698,238,18),
 (699,238,173),
 (700,238,142),
 (701,238,30),
 (702,239,88),
 (703,239,171),
 (704,239,117),
 (705,240,136),
 (706,240,25),
 (707,240,81),
 (708,241,169),
 (709,241,148),
 (710,241,68),
 (711,242,146),
 (712,243,24),
 (713,243,153),
 (714,243,5),
 (715,244,146),
 (716,244,10),
 (717,244,30),
 (718,244,55),
 (719,245,123),
 (720,245,81),
 (721,245,163),
 (722,245,148),
 (723,245,37),
 (724,246,81),
 (725,246,129),
 (726,246,37),
 (727,247,105),
 (728,247,137),
 (729,247,108),
 (730,247,148),
 (731,247,151),
 (732,248,20),
 (733,249,25),
 (734,249,76),
 (735,249,53),
 (736,249,87),
 (737,250,62),
 (738,250,155),
 (739,250,4),
 (740,250,150),
 (741,251,112),
 (742,251,17),
 (743,251,162),
 (744,251,109),
 (745,251,63),
 (746,252,169),
 (747,252,6),
 (748,253,140),
 (749,253,13),
 (750,254,158),
 (751,255,48),
 (752,255,79),
 (753,256,165),
 (754,256,173),
 (755,257,123),
 (756,257,149),
 (757,257,54),
 (758,258,36),
 (759,258,12),
 (760,258,70),
 (761,258,119),
 (762,259,40),
 (763,259,89),
 (764,259,27),
 (765,259,60),
 (766,259,86),
 (767,260,97),
 (768,260,50),
 (769,260,115),
 (770,260,68),
 (771,261,169),
 (772,261,34),
 (773,261,101),
 (774,261,174),
 (775,261,7),
 (776,262,8),
 (777,262,161),
 (778,262,51),
 (779,262,60),
 (780,263,146),
 (781,263,132),
 (782,263,13),
 (783,263,30),
 (784,264,145),
 (785,264,106),
 (786,264,26),
 (787,264,134),
 (788,264,111),
 (789,265,155),
 (790,265,116),
 (791,265,117),
 (792,266,89),
 (793,266,82),
 (794,266,11),
 (795,266,85),
 (796,266,66),
 (797,267,86),
 (798,267,150),
 (799,267,14),
 (800,267,47),
 (801,268,68),
 (802,269,81),
 (803,270,12),
 (804,271,161),
 (805,271,68),
 (806,272,106),
 (807,272,37),
 (808,273,121),
 (809,273,82),
 (810,273,43),
 (811,274,97),
 (812,274,98),
 (813,274,84),
 (814,275,8),
 (815,275,147),
 (816,276,101),
 (817,277,23),
 (818,278,99),
 (819,279,34),
 (820,279,156),
 (821,280,73),
 (822,280,137),
 (823,280,169),
 (824,280,156),
 (825,280,87),
 (826,281,136),
 (827,281,27),
 (828,281,19),
 (829,281,76),
 (830,281,174),
 (831,282,16),
 (832,282,161),
 (833,282,131),
 (834,282,77),
 (835,283,96),
 (836,283,29),
 (837,283,165),
 (838,283,106),
 (839,284,55),
 (840,285,3),
 (841,285,137),
 (842,285,171),
 (843,285,116),
 (844,285,113),
 (845,286,32),
 (846,287,32),
 (847,287,156),
 (848,287,130),
 (849,287,92),
 (850,287,118),
 (851,288,41),
 (852,288,37),
 (853,288,134),
 (854,289,104),
 (855,289,81),
 (856,289,56),
 (857,289,52),
 (858,289,132),
 (859,290,96),
 (860,290,107),
 (861,290,115),
 (862,290,131),
 (863,290,141),
 (864,291,74),
 (865,291,10),
 (866,291,37),
 (867,291,79),
 (868,292,128),
 (869,292,150),
 (870,293,112),
 (871,293,158),
 (872,294,49),
 (873,294,164),
 (874,294,156),
 (875,294,66),
 (876,294,102),
 (877,295,113),
 (878,295,167),
 (879,296,169),
 (880,296,90),
 (881,296,12),
 (882,297,88),
 (883,297,74),
 (884,297,70),
 (885,297,31),
 (886,298,29),
 (887,298,15),
 (888,299,19),
 (889,299,67),
 (890,299,109),
 (891,300,119),
 (892,301,52),
 (893,301,150),
 (894,302,21),
 (895,302,106),
 (896,302,51),
 (897,302,28),
 (898,302,141);
INSERT INTO "auth_permission" ("id","content_type_id","codename","name") VALUES (1,1,'add_logentry','Can add log entry'),
 (2,1,'change_logentry','Can change log entry'),
 (3,1,'delete_logentry','Can delete log entry'),
 (4,2,'add_user','Can add user'),
 (5,2,'change_user','Can change user'),
 (6,2,'delete_user','Can delete user'),
 (7,3,'add_group','Can add group'),
 (8,3,'change_group','Can change group'),
 (9,3,'delete_group','Can delete group'),
 (10,4,'add_permission','Can add permission'),
 (11,4,'change_permission','Can change permission'),
 (12,4,'delete_permission','Can delete permission'),
 (13,5,'add_contenttype','Can add content type'),
 (14,5,'change_contenttype','Can change content type'),
 (15,5,'delete_contenttype','Can delete content type'),
 (16,6,'add_session','Can add session'),
 (17,6,'change_session','Can change session'),
 (18,6,'delete_session','Can delete session'),
 (19,7,'add_item','Can add item'),
 (20,7,'change_item','Can change item'),
 (21,7,'delete_item','Can delete item'),
 (22,8,'add_weapon','Can add weapon'),
 (23,8,'change_weapon','Can change weapon'),
 (24,8,'delete_weapon','Can delete weapon'),
 (25,9,'add_character','Can add character'),
 (26,9,'change_character','Can change character'),
 (27,9,'delete_character','Can delete character'),
 (28,10,'add_mage','Can add mage'),
 (29,10,'change_mage','Can change mage'),
 (30,10,'delete_mage','Can delete mage'),
 (31,11,'add_thief','Can add thief'),
 (32,11,'change_thief','Can change thief'),
 (33,11,'delete_thief','Can delete thief'),
 (34,12,'add_cleric','Can add cleric'),
 (35,12,'change_cleric','Can change cleric'),
 (36,12,'delete_cleric','Can delete cleric'),
 (37,13,'add_fighter','Can add fighter'),
 (38,13,'change_fighter','Can change fighter'),
 (39,13,'delete_fighter','Can delete fighter'),
 (40,14,'add_necromancer','Can add necromancer'),
 (41,14,'change_necromancer','Can change necromancer'),
 (42,14,'delete_necromancer','Can delete necromancer');
INSERT INTO "armory_weapon" ("item_ptr_id","power") VALUES (138,0),
 (139,0),
 (140,0),
 (141,0),
 (142,0),
 (143,0),
 (144,0),
 (145,0),
 (146,0),
 (147,0),
 (148,0),
 (149,0),
 (150,0),
 (151,0),
 (152,0),
 (153,0),
 (154,0),
 (155,0),
 (156,0),
 (157,0),
 (158,0),
 (159,0),
 (160,0),
 (161,0),
 (162,0),
 (163,0),
 (164,0),
 (165,0),
 (166,0),
 (167,0),
 (168,0),
 (169,0),
 (170,0),
 (171,0),
 (172,0),
 (173,0),
 (174,0);
INSERT INTO "django_migrations" ("id","app","name","applied") VALUES (1,'contenttypes','0001_initial','2018-03-08 18:37:26.825261'),
 (2,'auth','0001_initial','2018-03-08 18:37:26.877483'),
 (3,'admin','0001_initial','2018-03-08 18:37:26.927042'),
 (4,'admin','0002_logentry_remove_auto_add','2018-03-08 18:37:26.979134'),
 (5,'armory','0001_initial','2018-03-08 18:37:27.016837'),
 (6,'contenttypes','0002_remove_content_type_name','2018-03-08 18:37:27.100113'),
 (7,'auth','0002_alter_permission_name_max_length','2018-03-08 18:37:27.137293'),
 (8,'auth','0003_alter_user_email_max_length','2018-03-08 18:37:27.182475'),
 (9,'auth','0004_alter_user_username_opts','2018-03-08 18:37:27.218345'),
 (10,'auth','0005_alter_user_last_login_null','2018-03-08 18:37:27.252596'),
 (11,'auth','0006_require_contenttypes_0002','2018-03-08 18:37:27.268798'),
 (12,'auth','0007_alter_validators_add_error_messages','2018-03-08 18:37:27.310658'),
 (13,'auth','0008_alter_user_username_max_length','2018-03-08 18:37:27.351736'),
 (14,'auth','0009_alter_user_last_name_max_length','2018-03-08 18:37:27.387834'),
 (15,'charactercreator','0001_initial','2018-03-08 18:37:27.446623'),
 (16,'sessions','0001_initial','2018-03-08 18:37:27.464752'),
 (17,'charactercreator','0002_auto_20180308_2015','2018-03-08 20:15:55.854748');
CREATE INDEX IF NOT EXISTS "django_session_expire_date_a5c62663" ON "django_session" (
	"expire_date"
);
CREATE UNIQUE INDEX IF NOT EXISTS "django_content_type_app_label_model_76bd3d3b_uniq" ON "django_content_type" (
	"app_label",
	"model"
);
CREATE INDEX IF NOT EXISTS "auth_user_groups_group_id_97559544" ON "auth_user_groups" (
	"group_id"
);
CREATE INDEX IF NOT EXISTS "auth_user_groups_user_id_6a12ed8b" ON "auth_user_groups" (
	"user_id"
);
CREATE INDEX IF NOT EXISTS "django_admin_log_user_id_c564eba6" ON "django_admin_log" (
	"user_id"
);
CREATE INDEX IF NOT EXISTS "django_admin_log_content_type_id_c4bce8eb" ON "django_admin_log" (
	"content_type_id"
);
CREATE INDEX IF NOT EXISTS "auth_group_permissions_permission_id_84c5c92e" ON "auth_group_permissions" (
	"permission_id"
);
CREATE INDEX IF NOT EXISTS "auth_group_permissions_group_id_b120cbf9" ON "auth_group_permissions" (
	"group_id"
);
CREATE UNIQUE INDEX IF NOT EXISTS "auth_group_permissions_group_id_permission_id_0cd325b0_uniq" ON "auth_group_permissions" (
	"group_id",
	"permission_id"
);
CREATE INDEX IF NOT EXISTS "auth_user_user_permissions_permission_id_1fbb5f2c" ON "auth_user_user_permissions" (
	"permission_id"
);
CREATE INDEX IF NOT EXISTS "auth_user_user_permissions_user_id_a95ead1b" ON "auth_user_user_permissions" (
	"user_id"
);
CREATE UNIQUE INDEX IF NOT EXISTS "auth_user_user_permissions_user_id_permission_id_14a6b632_uniq" ON "auth_user_user_permissions" (
	"user_id",
	"permission_id"
);
CREATE UNIQUE INDEX IF NOT EXISTS "auth_user_groups_user_id_group_id_94350c0c_uniq" ON "auth_user_groups" (
	"user_id",
	"group_id"
);
COMMIT;
BEGIN TRANSACTION;
CREATE INDEX IF NOT EXISTS "charactercreator_character_inventory_item_id_7d42dc74" ON "charactercreator_character_inventory" (
	"item_id"
);
CREATE INDEX IF NOT EXISTS "charactercreator_character_inventory_character_id_007ee169" ON "charactercreator_character_inventory" (
	"character_id"
);
CREATE UNIQUE INDEX IF NOT EXISTS "charactercreator_character_inventory_character_id_item_id_8d6149ec_uniq" ON "charactercreator_character_inventory" (
	"character_id",
	"item_id"
);
CREATE INDEX IF NOT EXISTS "auth_permission_content_type_id_2f476e4b" ON "auth_permission" (
	"content_type_id"
);
CREATE UNIQUE INDEX IF NOT EXISTS "auth_permission_content_type_id_codename_01ab375a_uniq" ON "auth_permission" (
	"content_type_id",
	"codename"
);
COMMIT;